query_id,query_type,doc_id,rank,identifier_score
Q1_001,1,NK-223CQDBzp8MRkdJMDiqXn3,1,1.000000000
Q1_002,1,NK-223CQDBzp8MRkdJMDiqXn3,1,1.000000000
Q1_003,1,NK-223CQDBzp8MRkdJMDiqXn3,1,1.000000000
Q1_004,1,NK-223CQDBzp8MRkdJMDiqXn3,1,1.000000000
Q1_005,1,NK-223CQDBzp8MRkdJMDiqXn3,1,1.000000000
Q1_006,1,NK-223yQP6hRaMuiALDCJ6xbY,1,1.000000000
Q1_007,1,NK-223yQP6hRaMuiALDCJ6xbY,1,1.000000000
Q1_008,1,NK-223yQP6hRaMuiALDCJ6xbY,1,1.000000000
Q1_008,1,NK-2ehGijZadzxwmS7MggigZx,2,1.000000000
Q1_008,1,NK-2hGLU3r7bVP5UCAa2jrSzx,3,1.000000000
Q1_008,1,NK-2moLcQyB2gi6BQmN2fm9dQ,4,1.000000000
Q1_008,1,NK-3UJjcv2HXY3c9eEKJ8EX6j,5,1.000000000
Q1_008,1,NK-3Z7he57VURUzSy5YwaXRyX,6,1.000000000
Q1_008,1,NK-3zGWQD65aNg5fhTgebLNpn,7,1.000000000
Q1_008,1,NK-3zYDkUkayAXurwBQ9Xigz6,8,1.000000000
Q1_008,1,NK-3zftaQdBkghkRiPkSL6JsA,9,1.000000000
Q1_008,1,NK-42Um6gzPD2KYvNF9HYCETc,10,1.000000000
Q1_008,1,NK-47MaoUXRf6QEZ5HDdhGzSM,11,1.000000000
Q1_008,1,NK-4A9G9egPQmeRB6RCins73X,12,1.000000000
Q1_008,1,NK-4JEWJXJH2UC4uqKYK8PDWj,13,1.000000000
Q1_008,1,NK-6fSjTwpo4wX8hsBPUHTDam,14,1.000000000
Q1_008,1,NK-6neNY6QdmXrGyThEcCno9D,15,1.000000000
Q1_008,1,NK-6y6vdtinYBjb5r24vUS6kA,16,1.000000000
Q1_008,1,NK-6z9zcfe5FVikUviPKzjya5,17,1.000000000
Q1_008,1,NK-739aWFbntoLxEtUqS7uuME,18,1.000000000
Q1_008,1,NK-7fnCxjW8fFjG9poEHgw4MJ,19,1.000000000
Q1_008,1,NK-8iwjTruauZGysDNMjBr7Au,20,1.000000000
Q1_008,1,NK-9TbmGiKbi5cMJqtUwKyuKG,21,1.000000000
Q1_008,1,NK-9iEp7sqxGYKEzvhd2qyeWC,22,1.000000000
Q1_008,1,NK-9oFuPJ7vQD8UsDzuNShJNm,23,1.000000000
Q1_008,1,NK-AEMGnK8mgzQCy9xVrrYnVQ,24,1.000000000
Q1_008,1,NK-AQTEc9oGL2X3PMyAjzTdLd,25,1.000000000
Q1_008,1,NK-AcJqCGwFJ3APUFD499CDRF,26,1.000000000
Q1_008,1,NK-AewEkjNFxHmQJ6AyiDYNEd,27,1.000000000
Q1_008,1,NK-Ahv7wxqt7BnviiWZCvaDq9,28,1.000000000
Q1_008,1,NK-AuWS3EqoDp39Spyfw9VQZA,29,1.000000000
Q1_008,1,NK-B7F78fUJ9Trt44VsADwaEV,30,1.000000000
Q1_008,1,NK-BFXeoGUtqh79LrBmZEHYp8,31,1.000000000
Q1_008,1,NK-C5UbmAMcgXaNyJwRHkmTM2,32,1.000000000
Q1_008,1,NK-Cjb6LUX37d6xf8DFqbX4QX,33,1.000000000
Q1_008,1,NK-ELtKYtyg4rJKUgExHP4SiJ,34,1.000000000
Q1_008,1,NK-F6a7fW8efZuh7XtixQ7EVp,35,1.000000000
Q1_008,1,NK-FJP2zv8H3jqh5DrmYsAieq,36,1.000000000
Q1_008,1,NK-GKjd9pfbVj2JPqEJgFj2oK,37,1.000000000
Q1_008,1,NK-GX8h8CdWEfw967zejBu2mB,38,1.000000000
Q1_008,1,NK-J6rLnuixkYjnViMMUNWkAh,39,1.000000000
Q1_008,1,NK-JBra2CxDr5vXXiiaw832YD,40,1.000000000
Q1_008,1,NK-JCEYHTkiVgL7q9LRysmFgL,41,1.000000000
Q1_008,1,NK-JeUerxiEaz9rR6QJnWdPBW,42,1.000000000
Q1_008,1,NK-KF25VqXhhfjBvzHXpSssvg,43,1.000000000
Q1_008,1,NK-KF26sxYWsHUY7QfBemvZte,44,1.000000000
Q1_008,1,NK-MK3n3JgCHvuPupp2nz4rK5,45,1.000000000
Q1_008,1,NK-MM8iAjqPqUPBZtaDNpCC4a,46,1.000000000
Q1_008,1,NK-Mpqy7FuPR4TrpgYL5YrRKZ,47,1.000000000
Q1_008,1,NK-MrvBumy6otWC9fmiiqEvyW,48,1.000000000
Q1_008,1,NK-MzS9oSiySnVZWxcFuKs72s,49,1.000000000
Q1_008,1,NK-N7uPBPrTm8dSZJDePqwHR6,50,1.000000000
Q1_008,1,NK-NMPmsH8DqRDVv4Qw4t4bQQ,51,1.000000000
Q1_008,1,NK-NSp3kyrgEEAa8SMcYMDiTD,52,1.000000000
Q1_008,1,NK-NUdjY7o8rcT8bUVWhYDwcB,53,1.000000000
Q1_008,1,NK-Nt78cye5HQ2UWTZ53Bwpju,54,1.000000000
Q1_008,1,NK-NwfDW62nN278ALJuN6mZ7G,55,1.000000000
Q1_008,1,NK-P4i2Hj6p6B3eas5mX3FQwc,56,1.000000000
Q1_008,1,NK-PHr8DmJafPHf2DjhmNFdG7,57,1.000000000
Q1_008,1,NK-PHt2sZFFruKmfFWUeya996,58,1.000000000
Q1_008,1,NK-PkVk2wqTzUB2Hw32aZvk4y,59,1.000000000
Q1_008,1,NK-PnadjKUwS7KeSna7febWYD,60,1.000000000
Q1_008,1,NK-QJhbLB2tH9n5X655gA3WKy,61,1.000000000
Q1_008,1,NK-QV4NsNvMHCrdsn5KqhAccQ,62,1.000000000
Q1_008,1,NK-QZJ2sBx9DQXgu3qxXhs5wk,63,1.000000000
Q1_008,1,NK-QtaR4ZYbTEggVHKaBwjpWd,64,1.000000000
Q1_008,1,NK-QtwEAgnPRQY3xUSfesyk5e,65,1.000000000
Q1_008,1,NK-RAJiVkEnNGiJsc5Btx9mG5,66,1.000000000
Q1_008,1,NK-S3PqkFACzcpP7afWNuGiSH,67,1.000000000
Q1_008,1,NK-SDv5iiJCqn85k6tN56AVBp,68,1.000000000
Q1_008,1,NK-UEei67wcEw3pGswyJXUZo4,69,1.000000000
Q1_008,1,NK-UoHXVHsbxS82asZLD8wRnX,70,1.000000000
Q1_008,1,NK-Ur2qbyonBo5Lk2Fdf8xzq3,71,1.000000000
Q1_008,1,NK-V23dG2nHdMS2NL4BVmfCWM,72,1.000000000
Q1_008,1,NK-VJVF8J8NBko3XRY64DiNkX,73,1.000000000
Q1_008,1,NK-VVGJ39JrNWTVfhfkscrR9e,74,1.000000000
Q1_008,1,NK-VhQQyswtkJw5FzbYz4EGgi,75,1.000000000
Q1_008,1,NK-Vru5SEDixCy4WfWvYJVGM2,76,1.000000000
Q1_008,1,NK-WXk2CoqtTsaLy3tXmsUhTD,77,1.000000000
Q1_008,1,NK-WwJKNzTjmywFW56U9Aamva,78,1.000000000
Q1_008,1,NK-WwYzbEL6cFh2x2G7V28uxQ,79,1.000000000
Q1_008,1,NK-X4Ekv368ferNyoi9hSQdzm,80,1.000000000
Q1_008,1,NK-XW6YBo3WAgHsKbTHzKYQ9v,81,1.000000000
Q1_008,1,NK-XjCaf3gnSR8zaA9JpxEMSg,82,1.000000000
Q1_008,1,NK-Xm2A2UiMQLCJrYwhsz5nRj,83,1.000000000
Q1_008,1,NK-ZTo4GGnwzmSZimYztXDK5b,84,1.000000000
Q1_008,1,NK-ZkWsd3cYceURwYMnEUc4iB,85,1.000000000
Q1_008,1,NK-a53Rr2Ews3LVGCoFQaJhvM,86,1.000000000
Q1_008,1,NK-aLCp6osUekvPARncDXhM7x,87,1.000000000
Q1_008,1,NK-aWCEd6pDuCNjYudPVcZoMB,88,1.000000000
Q1_008,1,NK-b6HVKLoM3ASz5aLPYXbCmk,89,1.000000000
Q1_008,1,NK-b9ZNMytYHioq2GYbCFsmbM,90,1.000000000
Q1_008,1,NK-bWJfHukskWpGUn8KYNqVGZ,91,1.000000000
Q1_008,1,NK-bkdRpnAyzhrUL8pR6hxFwQ,92,1.000000000
Q1_008,1,NK-cqdcpd8t3XREia4VnmppTN,93,1.000000000
Q1_008,1,NK-cw4f39SZoXuZg56z8mRToa,94,1.000000000
Q1_008,1,NK-d4TDszS6kAJgN2AY5fnuEM,95,1.000000000
Q1_008,1,NK-dMqe6yNxj9gMsqM6DEDt3e,96,1.000000000
Q1_008,1,NK-doAJpYdxEMuxRvTcA7UjfU,97,1.000000000
Q1_008,1,NK-eZLgggpfksjB5fjCwkc6wh,98,1.000000000
Q1_008,1,NK-eeV9BbnFCyjZxyEeVPeebX,99,1.000000000
Q1_008,1,NK-er3Rjf9iwYZUUzFpAXJ5vB,100,1.000000000
Q1_008,1,NK-evd7K7LXushqvzQbdBEomv,101,1.000000000
Q1_008,1,NK-f8nqBJCDvUyGoU3tuK9wi3,102,1.000000000
Q1_008,1,NK-fJq8rJ6YNRYxJJqYjsGSoe,103,1.000000000
Q1_008,1,NK-fRoQgsGR6XYH8F3JfXTFRQ,104,1.000000000
Q1_008,1,NK-g2ugT8a8tCnNvpo7osUSH4,105,1.000000000
Q1_008,1,NK-g4LUHiuvYPKgAGfUQdgo9p,106,1.000000000
Q1_008,1,NK-gNGUx5kyAzTsc56kABYCw8,107,1.000000000
Q1_008,1,NK-gRWES8FcniAijT3oED5fgo,108,1.000000000
Q1_008,1,NK-hEXz8GwvEKzWBBhx8xNZrz,109,1.000000000
Q1_008,1,NK-iEkbj3RtdYdYzRkBNJm67d,110,1.000000000
Q1_008,1,NK-iEonGKanQ2pKzsNJ3pNSpA,111,1.000000000
Q1_008,1,NK-iH9G7TfaHUEoLQhqPSB42F,112,1.000000000
Q1_008,1,NK-ieYxwWEKJHqFVkXBKgPjNC,113,1.000000000
Q1_008,1,NK-ighnaQVoJWnQKyDGaecXUc,114,1.000000000
Q1_008,1,NK-jMMEZuxyn9iCzQUCSESyFf,115,1.000000000
Q1_008,1,NK-jPYM33UKw7Go2oM4vyiYQU,116,1.000000000
Q1_008,1,NK-jqKqo53GFFUm6cm2GaSKo9,117,1.000000000
Q1_008,1,NK-jyQoxC79cXXmRqTGWtK9Qy,118,1.000000000
Q1_008,1,NK-kqy6Lbv6SYugm6jWCr2Aez,119,1.000000000
Q1_008,1,NK-mKeTfi4Tz3uJWbVihf6mRF,120,1.000000000
Q1_008,1,NK-mQ58Mw4RS6Z2o3agiGGfPi,121,1.000000000
Q1_008,1,NK-mS3ZwmvCUGxrXZe9WqFuxt,122,1.000000000
Q1_008,1,NK-mgZKpF45Xfn74ubhzvb3do,123,1.000000000
Q1_008,1,NK-moN6sWeNEsG7PWaRNnkw9v,124,1.000000000
Q1_008,1,NK-n6b8MW846DbHGUwwnhhCJp,125,1.000000000
Q1_008,1,NK-n9sqhdinc7D6QLFr8LUDew,126,1.000000000
Q1_008,1,NK-nz3aRSfHeoPZu2f99CwEvb,127,1.000000000
Q1_008,1,NK-o4y97LZwewFQrxJAceb4RN,128,1.000000000
Q1_008,1,NK-oG9e88JdBubn2DkERKzu4V,129,1.000000000
Q1_008,1,NK-oUQLGKkG8z6U2UHzJysenx,130,1.000000000
Q1_008,1,ru-inn-0411075740,131,1.000000000
Q1_008,1,ru-inn-1215120902,132,1.000000000
Q1_008,1,ru-inn-1831196241,133,1.000000000
Q1_008,1,ru-inn-2320002667,134,1.000000000
Q1_008,1,ru-inn-2322026840,135,1.000000000
Q1_008,1,ru-inn-2503034017,136,1.000000000
Q1_008,1,ru-inn-3525335789,137,1.000000000
Q1_008,1,ru-inn-4003029830,138,1.000000000
Q1_008,1,ru-inn-4014003383,139,1.000000000
Q1_008,1,ru-inn-4633017746,140,1.000000000
Q1_008,1,ru-inn-5001082037,141,1.000000000
Q1_008,1,ru-inn-5008028127,142,1.000000000
Q1_008,1,ru-inn-5010051772,143,1.000000000
Q1_008,1,ru-inn-5013048545,144,1.000000000
Q1_008,1,ru-inn-5027035899,145,1.000000000
Q1_008,1,ru-inn-5029106859,146,1.000000000
Q1_008,1,ru-inn-5029206821,147,1.000000000
Q1_008,1,ru-inn-5029210948,148,1.000000000
Q1_008,1,ru-inn-5036065113,149,1.000000000
Q1_008,1,ru-inn-5190934326,150,1.000000000
Q1_008,1,ru-inn-6501244577,151,1.000000000
Q1_008,1,ru-inn-7117031028,152,1.000000000
Q1_008,1,ru-inn-7701362604,153,1.000000000
Q1_008,1,ru-inn-7701720592,154,1.000000000
Q1_008,1,ru-inn-7701894662,155,1.000000000
Q1_008,1,ru-inn-7702059311,156,1.000000000
Q1_008,1,ru-inn-7702252795,157,1.000000000
Q1_008,1,ru-inn-7702323622,158,1.000000000
Q1_008,1,ru-inn-7702395803,159,1.000000000
Q1_008,1,ru-inn-7702427163,160,1.000000000
Q1_008,1,ru-inn-7702666919,161,1.000000000
Q1_008,1,ru-inn-7702778115,162,1.000000000
Q1_008,1,ru-inn-7703409417,163,1.000000000
Q1_008,1,ru-inn-7704013792,164,1.000000000
Q1_008,1,ru-inn-7704151023,165,1.000000000
Q1_008,1,ru-inn-7704347266,166,1.000000000
Q1_008,1,ru-inn-7704403432,167,1.000000000
Q1_008,1,ru-inn-7704493299,168,1.000000000
Q1_008,1,ru-inn-7704595082,169,1.000000000
Q1_008,1,ru-inn-7704702778,170,1.000000000
Q1_008,1,ru-inn-7704736350,171,1.000000000
Q1_008,1,ru-inn-7705002810,172,1.000000000
Q1_008,1,ru-inn-7705018063,173,1.000000000
Q1_008,1,ru-inn-7705167308,174,1.000000000
Q1_008,1,ru-inn-7705418760,175,1.000000000
Q1_008,1,ru-inn-7705461959,176,1.000000000
Q1_008,1,ru-inn-7705489200,177,1.000000000
Q1_008,1,ru-inn-7705641310,178,1.000000000
Q1_008,1,ru-inn-7705754948,179,1.000000000
Q1_008,1,ru-inn-7705813914,180,1.000000000
Q1_008,1,ru-inn-7705830807,181,1.000000000
Q1_008,1,ru-inn-7705893691,182,1.000000000
Q1_008,1,ru-inn-7705933009,183,1.000000000
Q1_008,1,ru-inn-7706043369,184,1.000000000
Q1_008,1,ru-inn-7706091500,185,1.000000000
Q1_008,1,ru-inn-7706433224,186,1.000000000
Q1_008,1,ru-inn-7706446880,187,1.000000000
Q1_008,1,ru-inn-7706449111,188,1.000000000
Q1_008,1,ru-inn-7706451512,189,1.000000000
Q1_008,1,ru-inn-7706584449,190,1.000000000
Q1_008,1,ru-inn-7706805049,191,1.000000000
Q1_008,1,ru-inn-7706809572,192,1.000000000
Q1_008,1,ru-inn-7707072411,193,1.000000000
Q1_008,1,ru-inn-7707366027,194,1.000000000
Q1_008,1,ru-inn-7707534602,195,1.000000000
Q1_008,1,ru-inn-7707767501,196,1.000000000
Q1_008,1,ru-inn-7708011450,197,1.000000000
Q1_008,1,ru-inn-7708044880,198,1.000000000
Q1_008,1,ru-inn-7708188391,199,1.000000000
Q1_008,1,ru-inn-7708333842,200,1.000000000
Q1_008,1,ru-inn-7708818854,201,1.000000000
Q1_008,1,ru-inn-7709057458,202,1.000000000
Q1_008,1,ru-inn-7709108720,203,1.000000000
Q1_008,1,ru-inn-7709376694,204,1.000000000
Q1_008,1,ru-inn-7709498163,205,1.000000000
Q1_008,1,ru-inn-7709608200,206,1.000000000
Q1_008,1,ru-inn-7709735135,207,1.000000000
Q1_008,1,ru-inn-7709762467,208,1.000000000
Q1_008,1,ru-inn-7709773130,209,1.000000000
Q1_008,1,ru-inn-7709928137,210,1.000000000
Q1_008,1,ru-inn-7709975183,211,1.000000000
Q1_008,1,ru-inn-7710481830,212,1.000000000
Q1_008,1,ru-inn-7710502262,213,1.000000000
Q1_008,1,ru-inn-7710507430,214,1.000000000
Q1_008,1,ru-inn-7710953515,215,1.000000000
Q1_008,1,ru-inn-7713686240,216,1.000000000
Q1_008,1,ru-inn-7714359863,217,1.000000000
Q1_008,1,ru-inn-7714394000,218,1.000000000
Q1_008,1,ru-inn-7714444830,219,1.000000000
Q1_008,1,ru-inn-7714456433,220,1.000000000
Q1_008,1,ru-inn-7714456634,221,1.000000000
Q1_008,1,ru-inn-7714807931,222,1.000000000
Q1_008,1,ru-inn-7714983239,223,1.000000000
Q1_008,1,ru-inn-7714996446,224,1.000000000
Q1_008,1,ru-inn-7715192423,225,1.000000000
Q1_008,1,ru-inn-7715541716,226,1.000000000
Q1_008,1,ru-inn-7716758327,227,1.000000000
Q1_008,1,ru-inn-7716799274,228,1.000000000
Q1_008,1,ru-inn-7716854493,229,1.000000000
Q1_008,1,ru-inn-7716936107,230,1.000000000
Q1_008,1,ru-inn-7717726800,231,1.000000000
Q1_008,1,ru-inn-7718160684,232,1.000000000
Q1_008,1,ru-inn-7718942427,233,1.000000000
Q1_008,1,ru-inn-7718965054,234,1.000000000
Q1_008,1,ru-inn-7719223640,235,1.000000000
Q1_008,1,ru-inn-7719428704,236,1.000000000
Q1_008,1,ru-inn-7719633799,237,1.000000000
Q1_008,1,ru-inn-7719727824,238,1.000000000
Q1_008,1,ru-inn-7720398363,239,1.000000000
Q1_008,1,ru-inn-7720464986,240,1.000000000
Q1_008,1,ru-inn-7720645710,241,1.000000000
Q1_008,1,ru-inn-7721160317,242,1.000000000
Q1_008,1,ru-inn-7722330804,243,1.000000000
Q1_008,1,ru-inn-7722334936,244,1.000000000
Q1_008,1,ru-inn-7722357676,245,1.000000000
Q1_008,1,ru-inn-7722476169,246,1.000000000
Q1_008,1,ru-inn-7722491086,247,1.000000000
Q1_008,1,ru-inn-7722810381,248,1.000000000
Q1_008,1,ru-inn-7724725702,249,1.000000000
Q1_008,1,ru-inn-7724883963,250,1.000000000
Q1_008,1,ru-inn-7725004534,251,1.000000000
Q1_008,1,ru-inn-7725008497,252,1.000000000
Q1_008,1,ru-inn-7725009701,253,1.000000000
Q1_008,1,ru-inn-7725009740,254,1.000000000
Q1_008,1,ru-inn-7725009765,255,1.000000000
Q1_008,1,ru-inn-7725009807,256,1.000000000
Q1_008,1,ru-inn-7725027605,257,1.000000000
Q1_008,1,ru-inn-7725030284,258,1.000000000
Q1_008,1,ru-inn-7725039079,259,1.000000000
Q1_008,1,ru-inn-7725045717,260,1.000000000
Q1_008,1,ru-inn-7725054140,261,1.000000000
Q1_008,1,ru-inn-7725054856,262,1.000000000
Q1_008,1,ru-inn-7725056821,263,1.000000000
Q1_008,1,ru-inn-7725057310,264,1.000000000
Q1_008,1,ru-inn-7725057590,265,1.000000000
Q1_008,1,ru-inn-7725068979,266,1.000000000
Q1_008,1,ru-inn-7725069281,267,1.000000000
Q1_008,1,ru-inn-7725071812,268,1.000000000
Q1_008,1,ru-inn-7725080334,269,1.000000000
Q1_008,1,ru-inn-7725090491,270,1.000000000
Q1_008,1,ru-inn-7725092604,271,1.000000000
Q1_008,1,ru-inn-7725097930,272,1.000000000
Q1_008,1,ru-inn-7725106092,273,1.000000000
Q1_008,1,ru-inn-7725109336,274,1.000000000
Q1_008,1,ru-inn-7725126910,275,1.000000000
Q1_008,1,ru-inn-7725141594,276,1.000000000
Q1_008,1,ru-inn-7725143538,277,1.000000000
Q1_008,1,ru-inn-7725144098,278,1.000000000
Q1_008,1,ru-inn-7725145630,279,1.000000000
Q1_008,1,ru-inn-7725150380,280,1.000000000
Q1_008,1,ru-inn-7725200313,281,1.000000000
Q1_008,1,ru-inn-7725226505,282,1.000000000
Q1_008,1,ru-inn-7725233975,283,1.000000000
Q1_008,1,ru-inn-7725255168,284,1.000000000
Q1_008,1,ru-inn-7725260961,285,1.000000000
Q1_008,1,ru-inn-7725265688,286,1.000000000
Q1_008,1,ru-inn-7725270350,287,1.000000000
Q1_008,1,ru-inn-7725275742,288,1.000000000
Q1_008,1,ru-inn-7725288332,289,1.000000000
Q1_008,1,ru-inn-7725288452,290,1.000000000
Q1_008,1,ru-inn-7725289248,291,1.000000000
Q1_008,1,ru-inn-7725289833,292,1.000000000
Q1_008,1,ru-inn-7725299140,293,1.000000000
Q1_008,1,ru-inn-7725307507,294,1.000000000
Q1_008,1,ru-inn-7725310595,295,1.000000000
Q1_008,1,ru-inn-7725319534,296,1.000000000
Q1_008,1,ru-inn-7725323731,297,1.000000000
Q1_008,1,ru-inn-7725324534,298,1.000000000
Q1_008,1,ru-inn-7725325915,299,1.000000000
Q1_008,1,ru-inn-7725326732,300,1.000000000
Q1_008,1,ru-inn-7725327599,301,1.000000000
Q1_008,1,ru-inn-7725334758,302,1.000000000
Q1_008,1,ru-inn-7725335092,303,1.000000000
Q1_008,1,ru-inn-7725339957,304,1.000000000
Q1_008,1,ru-inn-7725344604,305,1.000000000
Q1_008,1,ru-inn-7725351337,306,1.000000000
Q1_008,1,ru-inn-7725357339,307,1.000000000
Q1_008,1,ru-inn-7725363653,308,1.000000000
Q1_008,1,ru-inn-7725365925,309,1.000000000
Q1_008,1,ru-inn-7725374750,310,1.000000000
Q1_008,1,ru-inn-7725374768,311,1.000000000
Q1_008,1,ru-inn-7725377504,312,1.000000000
Q1_008,1,ru-inn-7725378089,313,1.000000000
Q1_008,1,ru-inn-7725382984,314,1.000000000
Q1_008,1,ru-inn-7725384357,315,1.000000000
Q1_008,1,ru-inn-7725389450,316,1.000000000
Q1_008,1,ru-inn-7725395790,317,1.000000000
Q1_008,1,ru-inn-7725397557,318,1.000000000
Q1_008,1,ru-inn-7725399995,319,1.000000000
Q1_008,1,ru-inn-7725419722,320,1.000000000
Q1_008,1,ru-inn-7725467660,321,1.000000000
Q1_008,1,ru-inn-7725495000,322,1.000000000
Q1_008,1,ru-inn-7725495226,323,1.000000000
Q1_008,1,ru-inn-7725495427,324,1.000000000
Q1_008,1,ru-inn-7725495547,325,1.000000000
Q1_008,1,ru-inn-7725495917,326,1.000000000
Q1_008,1,ru-inn-7725496029,327,1.000000000
Q1_008,1,ru-inn-7725497400,328,1.000000000
Q1_008,1,ru-inn-7725497618,329,1.000000000
Q1_008,1,ru-inn-7725497833,330,1.000000000
Q1_008,1,ru-inn-7725498481,331,1.000000000
Q1_008,1,ru-inn-7725506140,332,1.000000000
Q1_008,1,ru-inn-7725520850,333,1.000000000
Q1_008,1,ru-inn-7725522991,334,1.000000000
Q1_008,1,ru-inn-7725548750,335,1.000000000
Q1_008,1,ru-inn-7725549175,336,1.000000000
Q1_008,1,ru-inn-7725552410,337,1.000000000
Q1_008,1,ru-inn-7725572449,338,1.000000000
Q1_008,1,ru-inn-7725595686,339,1.000000000
Q1_008,1,ru-inn-7725595693,340,1.000000000
Q1_008,1,ru-inn-7725602083,341,1.000000000
Q1_008,1,ru-inn-7725617114,342,1.000000000
Q1_008,1,ru-inn-7725619295,343,1.000000000
Q1_008,1,ru-inn-7725620780,344,1.000000000
Q1_008,1,ru-inn-7725624249,345,1.000000000
Q1_008,1,ru-inn-7725627338,346,1.000000000
Q1_008,1,ru-inn-7725632151,347,1.000000000
Q1_008,1,ru-inn-7725632761,348,1.000000000
Q1_008,1,ru-inn-7725638523,349,1.000000000
Q1_008,1,ru-inn-7725646281,350,1.000000000
Q1_008,1,ru-inn-7725650954,351,1.000000000
Q1_008,1,ru-inn-7725651193,352,1.000000000
Q1_008,1,ru-inn-7725664964,353,1.000000000
Q1_008,1,ru-inn-7725667411,354,1.000000000
Q1_008,1,ru-inn-7725673334,355,1.000000000
Q1_008,1,ru-inn-7725689172,356,1.000000000
Q1_008,1,ru-inn-7725696405,357,1.000000000
Q1_008,1,ru-inn-7725698307,358,1.000000000
Q1_008,1,ru-inn-7725705226,359,1.000000000
Q1_008,1,ru-inn-7725729604,360,1.000000000
Q1_008,1,ru-inn-7725733551,361,1.000000000
Q1_008,1,ru-inn-7725734918,362,1.000000000
Q1_008,1,ru-inn-7725743542,363,1.000000000
Q1_008,1,ru-inn-7725753011,364,1.000000000
Q1_008,1,ru-inn-7725766927,365,1.000000000
Q1_008,1,ru-inn-7725769396,366,1.000000000
Q1_008,1,ru-inn-7725770948,367,1.000000000
Q1_008,1,ru-inn-7725771211,368,1.000000000
Q1_008,1,ru-inn-7725772840,369,1.000000000
Q1_008,1,ru-inn-7725779010,370,1.000000000
Q1_008,1,ru-inn-7725779098,371,1.000000000
Q1_008,1,ru-inn-7725787250,372,1.000000000
Q1_008,1,ru-inn-7725789829,373,1.000000000
Q1_008,1,ru-inn-7725792490,374,1.000000000
Q1_008,1,ru-inn-7725793938,375,1.000000000
Q1_008,1,ru-inn-7725793945,376,1.000000000
Q1_008,1,ru-inn-7725793960,377,1.000000000
Q1_008,1,ru-inn-7725800737,378,1.000000000
Q1_008,1,ru-inn-7725806633,379,1.000000000
Q1_008,1,ru-inn-7725806640,380,1.000000000
Q1_008,1,ru-inn-7725806658,381,1.000000000
Q1_008,1,ru-inn-7725806665,382,1.000000000
Q1_008,1,ru-inn-7725806672,383,1.000000000
Q1_008,1,ru-inn-7725806721,384,1.000000000
Q1_008,1,ru-inn-7725808479,385,1.000000000
Q1_008,1,ru-inn-7725808790,386,1.000000000
Q1_008,1,ru-inn-7725809338,387,1.000000000
Q1_008,1,ru-inn-7725819777,388,1.000000000
Q1_008,1,ru-inn-7725820412,389,1.000000000
Q1_008,1,ru-inn-7725836290,390,1.000000000
Q1_008,1,ru-inn-7725839967,391,1.000000000
Q1_008,1,ru-inn-7725840715,392,1.000000000
Q1_008,1,ru-inn-7725842832,393,1.000000000
Q1_008,1,ru-inn-7725843459,394,1.000000000
Q1_008,1,ru-inn-7725848087,395,1.000000000
Q1_008,1,ru-inn-7725848961,396,1.000000000
Q1_008,1,ru-inn-7725848979,397,1.000000000
Q1_008,1,ru-inn-7725851820,398,1.000000000
Q1_008,1,ru-inn-7725852284,399,1.000000000
Q1_008,1,ru-inn-7726378691,400,1.000000000
Q1_008,1,ru-inn-7726396500,401,1.000000000
Q1_008,1,ru-inn-7726400386,402,1.000000000
Q1_008,1,ru-inn-7726450860,403,1.000000000
Q1_008,1,ru-inn-7726454367,404,1.000000000
Q1_008,1,ru-inn-7726648228,405,1.000000000
Q1_008,1,ru-inn-7726650234,406,1.000000000
Q1_008,1,ru-inn-7726693277,407,1.000000000
Q1_008,1,ru-inn-7727160384,408,1.000000000
Q1_008,1,ru-inn-7727306474,409,1.000000000
Q1_008,1,ru-inn-7728077890,410,1.000000000
Q1_008,1,ru-inn-7728436684,411,1.000000000
Q1_008,1,ru-inn-7728546172,412,1.000000000
Q1_008,1,ru-inn-7728547955,413,1.000000000
Q1_008,1,ru-inn-7728549952,414,1.000000000
Q1_008,1,ru-inn-7728750604,415,1.000000000
Q1_008,1,ru-inn-7728856294,416,1.000000000
Q1_008,1,ru-inn-7728867666,417,1.000000000
Q1_008,1,ru-inn-7728895529,418,1.000000000
Q1_008,1,ru-inn-7729380219,419,1.000000000
Q1_008,1,ru-inn-7729442779,420,1.000000000
Q1_008,1,ru-inn-7729533793,421,1.000000000
Q1_008,1,ru-inn-7729725150,422,1.000000000
Q1_008,1,ru-inn-7729729154,423,1.000000000
Q1_008,1,ru-inn-7729773587,424,1.000000000
Q1_008,1,ru-inn-7730024984,425,1.000000000
Q1_008,1,ru-inn-7730069537,426,1.000000000
Q1_008,1,ru-inn-7730172492,427,1.000000000
Q1_008,1,ru-inn-7730196503,428,1.000000000
Q1_008,1,ru-inn-7730242132,429,1.000000000
Q1_008,1,ru-inn-7730661750,430,1.000000000
Q1_008,1,ru-inn-7730667150,431,1.000000000
Q1_008,1,ru-inn-7733541959,432,1.000000000
Q1_008,1,ru-inn-7733693574,433,1.000000000
Q1_008,1,ru-inn-7734180800,434,1.000000000
Q1_008,1,ru-inn-7736214808,435,1.000000000
Q1_008,1,ru-inn-7736527800,436,1.000000000
Q1_008,1,ru-inn-7737046095,437,1.000000000
Q1_008,1,ru-inn-7743020666,438,1.000000000
Q1_008,1,ru-inn-7743021596,439,1.000000000
Q1_008,1,ru-inn-7743040165,440,1.000000000
Q1_008,1,ru-inn-7743090624,441,1.000000000
Q1_008,1,ru-inn-7743201670,442,1.000000000
Q1_008,1,ru-inn-7743529527,443,1.000000000
Q1_008,1,ru-inn-7743529911,444,1.000000000
Q1_008,1,ru-inn-7743540721,445,1.000000000
Q1_008,1,ru-inn-7743851163,446,1.000000000
Q1_008,1,ru-inn-7801320277,447,1.000000000
Q1_008,1,ru-inn-7801465240,448,1.000000000
Q1_008,1,ru-inn-9701093698,449,1.000000000
Q1_008,1,ru-inn-9701114958,450,1.000000000
Q1_008,1,ru-inn-9702007902,451,1.000000000
Q1_008,1,ru-inn-9702014265,452,1.000000000
Q1_008,1,ru-inn-9702071986,453,1.000000000
Q1_008,1,ru-inn-9703012165,454,1.000000000
Q1_008,1,ru-inn-9703046171,455,1.000000000
Q1_008,1,ru-inn-9703098451,456,1.000000000
Q1_008,1,ru-inn-9703118073,457,1.000000000
Q1_008,1,ru-inn-9704145873,458,1.000000000
Q1_008,1,ru-inn-9705030882,459,1.000000000
Q1_008,1,ru-inn-9705044437,460,1.000000000
Q1_008,1,ru-inn-9705080065,461,1.000000000
Q1_008,1,ru-inn-9705142346,462,1.000000000
Q1_008,1,ru-inn-9705150361,463,1.000000000
Q1_008,1,ru-inn-9705159653,464,1.000000000
Q1_008,1,ru-inn-9705165390,465,1.000000000
Q1_008,1,ru-inn-9706005310,466,1.000000000
Q1_008,1,ru-inn-9706026007,467,1.000000000
Q1_008,1,ru-inn-9707044048,468,1.000000000
Q1_008,1,ru-inn-9709021399,469,1.000000000
Q1_008,1,ru-inn-9709031615,470,1.000000000
Q1_008,1,ru-inn-9709072989,471,1.000000000
Q1_008,1,ru-inn-9709084470,472,1.000000000
Q1_008,1,ru-inn-9709091692,473,1.000000000
Q1_008,1,ru-inn-9709101982,474,1.000000000
Q1_008,1,ru-inn-9710068835,475,1.000000000
Q1_008,1,ru-inn-9710070802,476,1.000000000
Q1_008,1,ru-inn-9710130709,477,1.000000000
Q1_008,1,ru-inn-9715286629,478,1.000000000
Q1_008,1,ru-inn-9715403639,479,1.000000000
Q1_008,1,ru-inn-9717001974,480,1.000000000
Q1_008,1,ru-inn-9717091914,481,1.000000000
Q1_008,1,ru-inn-9718097274,482,1.000000000
Q1_008,1,ru-inn-9721067449,483,1.000000000
Q1_008,1,ru-inn-9721099017,484,1.000000000
Q1_008,1,ru-inn-9723117342,485,1.000000000
Q1_008,1,ru-inn-9723226743,486,1.000000000
Q1_008,1,ru-inn-9725011006,487,1.000000000
Q1_008,1,ru-inn-9725011398,488,1.000000000
Q1_008,1,ru-inn-9725013892,489,1.000000000
Q1_008,1,ru-inn-9725020321,490,1.000000000
Q1_008,1,ru-inn-9725021438,491,1.000000000
Q1_008,1,ru-inn-9725022537,492,1.000000000
Q1_008,1,ru-inn-9725026186,493,1.000000000
Q1_008,1,ru-inn-9725026250,494,1.000000000
Q1_008,1,ru-inn-9725031757,495,1.000000000
Q1_008,1,ru-inn-9725033017,496,1.000000000
Q1_008,1,ru-inn-9725033867,497,1.000000000
Q1_008,1,ru-inn-9725034772,498,1.000000000
Q1_008,1,ru-inn-9725035060,499,1.000000000
Q1_008,1,ru-inn-9725037170,500,1.000000000
Q1_008,1,ru-inn-9725039450,501,1.000000000
Q1_008,1,ru-inn-9725039570,502,1.000000000
Q1_008,1,ru-inn-9725039890,503,1.000000000
Q1_008,1,ru-inn-9725039900,504,1.000000000
Q1_008,1,ru-inn-9725040230,505,1.000000000
Q1_008,1,ru-inn-9725040399,506,1.000000000
Q1_008,1,ru-inn-9725041265,507,1.000000000
Q1_008,1,ru-inn-9725041385,508,1.000000000
Q1_008,1,ru-inn-9725041586,509,1.000000000
Q1_008,1,ru-inn-9725044065,510,1.000000000
Q1_008,1,ru-inn-9725044756,511,1.000000000
Q1_008,1,ru-inn-9725045598,512,1.000000000
Q1_008,1,ru-inn-9725045774,513,1.000000000
Q1_008,1,ru-inn-9725046231,514,1.000000000
Q1_008,1,ru-inn-9725049546,515,1.000000000
Q1_008,1,ru-inn-9725050020,516,1.000000000
Q1_008,1,ru-inn-9725054835,517,1.000000000
Q1_008,1,ru-inn-9725057160,518,1.000000000
Q1_008,1,ru-inn-9725063702,519,1.000000000
Q1_008,1,ru-inn-9725064960,520,1.000000000
Q1_008,1,ru-inn-9725066943,521,1.000000000
Q1_008,1,ru-inn-9725067249,522,1.000000000
Q1_008,1,ru-inn-9725067295,523,1.000000000
Q1_008,1,ru-inn-9725067344,524,1.000000000
Q1_008,1,ru-inn-9725067915,525,1.000000000
Q1_008,1,ru-inn-9725073130,526,1.000000000
Q1_008,1,ru-inn-9725074045,527,1.000000000
Q1_008,1,ru-inn-9725074408,528,1.000000000
Q1_008,1,ru-inn-9725076518,529,1.000000000
Q1_008,1,ru-inn-9725078219,530,1.000000000
Q1_008,1,ru-inn-9725079621,531,1.000000000
Q1_008,1,ru-inn-9725079861,532,1.000000000
Q1_008,1,ru-inn-9725080715,533,1.000000000
Q1_008,1,ru-inn-9725081941,534,1.000000000
Q1_008,1,ru-inn-9725083280,535,1.000000000
Q1_008,1,ru-inn-9725086308,536,1.000000000
Q1_008,1,ru-inn-9725087333,537,1.000000000
Q1_008,1,ru-inn-9725087774,538,1.000000000
Q1_008,1,ru-inn-9725089235,539,1.000000000
Q1_008,1,ru-inn-9725089316,540,1.000000000
Q1_008,1,ru-inn-9725090008,541,1.000000000
Q1_008,1,ru-inn-9725090689,542,1.000000000
Q1_008,1,ru-inn-9725090696,543,1.000000000
Q1_008,1,ru-inn-9725090960,544,1.000000000
Q1_008,1,ru-inn-9725091234,545,1.000000000
Q1_008,1,ru-inn-9725091989,546,1.000000000
Q1_008,1,ru-inn-9725097853,547,1.000000000
Q1_008,1,ru-inn-9725098381,548,1.000000000
Q1_008,1,ru-inn-9725099089,549,1.000000000
Q1_008,1,ru-inn-9725103352,550,1.000000000
Q1_008,1,ru-inn-9725111145,551,1.000000000
Q1_008,1,ru-inn-9725111441,552,1.000000000
Q1_008,1,ru-inn-9725112124,553,1.000000000
Q1_008,1,ru-inn-9725112653,554,1.000000000
Q1_008,1,ru-inn-9725117965,555,1.000000000
Q1_008,1,ru-inn-9725118888,556,1.000000000
Q1_008,1,ru-inn-9725120950,557,1.000000000
Q1_008,1,ru-inn-9725122186,558,1.000000000
Q1_008,1,ru-inn-9725123260,559,1.000000000
Q1_008,1,ru-inn-9725124112,560,1.000000000
Q1_008,1,ru-inn-9725125821,561,1.000000000
Q1_008,1,ru-inn-9725126416,562,1.000000000
Q1_008,1,ru-inn-9725127314,563,1.000000000
Q1_008,1,ru-inn-9725127321,564,1.000000000
Q1_008,1,ru-inn-9725128942,565,1.000000000
Q1_008,1,ru-inn-9725129079,566,1.000000000
Q1_008,1,ru-inn-9725129181,567,1.000000000
Q1_008,1,ru-inn-9725129199,568,1.000000000
Q1_008,1,ru-inn-9725129223,569,1.000000000
Q1_008,1,ru-inn-9725129270,570,1.000000000
Q1_008,1,ru-inn-9725129343,571,1.000000000
Q1_008,1,ru-inn-9725130807,572,1.000000000
Q1_008,1,ru-inn-9725132522,573,1.000000000
Q1_008,1,ru-inn-9725132917,574,1.000000000
Q1_008,1,ru-inn-9725135178,575,1.000000000
Q1_008,1,ru-inn-9725136950,576,1.000000000
Q1_008,1,ru-inn-9725137376,577,1.000000000
Q1_008,1,ru-inn-9725138757,578,1.000000000
Q1_008,1,ru-inn-9725139616,579,1.000000000
Q1_008,1,ru-inn-9725140234,580,1.000000000
Q1_008,1,ru-inn-9725140347,581,1.000000000
Q1_008,1,ru-inn-9725141580,582,1.000000000
Q1_008,1,ru-inn-9725142506,583,1.000000000
Q1_008,1,ru-inn-9725143299,584,1.000000000
Q1_008,1,ru-inn-9725143309,585,1.000000000
Q1_008,1,ru-inn-9725144937,586,1.000000000
Q1_008,1,ru-inn-9725145240,587,1.000000000
Q1_008,1,ru-inn-9725145754,588,1.000000000
Q1_008,1,ru-inn-9725152046,589,1.000000000
Q1_008,1,ru-inn-9725152215,590,1.000000000
Q1_008,1,ru-inn-9725154156,591,1.000000000
Q1_008,1,ru-inn-9725155093,592,1.000000000
Q1_008,1,ru-inn-9725159130,593,1.000000000
Q1_008,1,ru-inn-9725159669,594,1.000000000
Q1_008,1,ru-inn-9725159845,595,1.000000000
Q1_008,1,ru-inn-9725160329,596,1.000000000
Q1_008,1,ru-inn-9725163390,597,1.000000000
Q1_008,1,ru-inn-9725164468,598,1.000000000
Q1_008,1,ru-inn-9725165221,599,1.000000000
Q1_008,1,ru-inn-9725166539,600,1.000000000
Q1_008,1,ru-inn-9725166962,601,1.000000000
Q1_008,1,ru-inn-9725167268,602,1.000000000
Q1_008,1,ru-inn-9725174441,603,1.000000000
Q1_008,1,ru-inn-9725174890,604,1.000000000
Q1_008,1,ru-inn-9725175413,605,1.000000000
Q1_008,1,ru-inn-9725176632,606,1.000000000
Q1_008,1,ru-inn-9725177379,607,1.000000000
Q1_008,1,ru-inn-9725180540,608,1.000000000
Q1_008,1,ru-inn-9725181664,609,1.000000000
Q1_008,1,ru-inn-9725182562,610,1.000000000
Q1_008,1,ru-inn-9725183630,611,1.000000000
Q1_008,1,ru-inn-9725184746,612,1.000000000
Q1_008,1,ru-inn-9725188035,613,1.000000000
Q1_008,1,ru-inn-9725188660,614,1.000000000
Q1_008,1,ru-inn-9726079303,615,1.000000000
Q1_008,1,ru-inn-9728002497,616,1.000000000
Q1_008,1,ru-inn-9728084316,617,1.000000000
Q1_008,1,ru-inn-9728107531,618,1.000000000
Q1_008,1,ru-inn-9728146139,619,1.000000000
Q1_008,1,ru-inn-9729069737,620,1.000000000
Q1_008,1,ru-inn-9729219679,621,1.000000000
Q1_008,1,ru-inn-9731093952,622,1.000000000
Q1_009,1,NK-226GXBdQ5p6NjgrTpTQNVW,1,1.000000000
Q1_010,1,NK-226GXBdQ5p6NjgrTpTQNVW,1,1.000000000
Q1_010,1,NK-HHfdh63iYeRayWbqCxhmu4,2,1.000000000
Q1_010,1,NK-LYSxVfYJdXPHuuTsRDXpRH,3,1.000000000
Q1_010,1,NK-QoHXYxcxydSUzoK3YTW5pr,4,1.000000000
Q1_010,1,NK-ZHNLkgvhbx9yyNf2DRQ9Gy,5,1.000000000
Q1_010,1,NK-i7c5jF8J9sv7UeK4pHYFwM,6,1.000000000
Q1_010,1,NK-jRtCRFsNLzHTV8bazVJ2XC,7,1.000000000
Q1_010,1,NK-nCtFNNo82gDgDpNTzbc5RR,8,1.000000000
Q1_010,1,ru-inn-5001119248,9,1.000000000
Q1_010,1,ru-inn-5031075380,10,1.000000000
Q1_010,1,ru-inn-5053000980,11,1.000000000
Q1_010,1,ru-inn-5053005971,12,1.000000000
Q1_010,1,ru-inn-5053006132,13,1.000000000
Q1_010,1,ru-inn-5053007231,14,1.000000000
Q1_010,1,ru-inn-5053013500,15,1.000000000
Q1_010,1,ru-inn-5053013549,16,1.000000000
Q1_010,1,ru-inn-5053013588,17,1.000000000
Q1_010,1,ru-inn-5053021540,18,1.000000000
Q1_010,1,ru-inn-5053022751,19,1.000000000
Q1_010,1,ru-inn-5053026442,20,1.000000000
Q1_010,1,ru-inn-5053027171,21,1.000000000
Q1_010,1,ru-inn-5053033496,22,1.000000000
Q1_010,1,ru-inn-5053035662,23,1.000000000
Q1_010,1,ru-inn-5053045798,24,1.000000000
Q1_010,1,ru-inn-5053046470,25,1.000000000
Q1_010,1,ru-inn-5053046537,26,1.000000000
Q1_010,1,ru-inn-5053046791,27,1.000000000
Q1_010,1,ru-inn-5053048076,28,1.000000000
Q1_010,1,ru-inn-5053055500,29,1.000000000
Q1_010,1,ru-inn-5053058638,30,1.000000000
Q1_010,1,ru-inn-5053058645,31,1.000000000
Q1_010,1,ru-inn-5053059381,32,1.000000000
Q1_010,1,ru-inn-5053060524,33,1.000000000
Q1_010,1,ru-inn-5053061334,34,1.000000000
Q1_010,1,ru-inn-5053061398,35,1.000000000
Q1_010,1,ru-inn-5053062200,36,1.000000000
Q1_010,1,ru-inn-5053066879,37,1.000000000
Q1_010,1,ru-inn-5053067960,38,1.000000000
Q1_010,1,ru-inn-7702609220,39,1.000000000
Q1_010,1,ru-inn-7733519551,40,1.000000000
Q1_011,1,NK-226GXBdQ5p6NjgrTpTQNVW,1,1.000000000
Q1_012,1,NK-226GXBdQ5p6NjgrTpTQNVW,1,1.000000000
Q1_013,1,NK-226GXBdQ5p6NjgrTpTQNVW,1,1.000000000
Q1_013,1,NK-HHfdh63iYeRayWbqCxhmu4,2,1.000000000
Q1_013,1,NK-LYSxVfYJdXPHuuTsRDXpRH,3,1.000000000
Q1_013,1,NK-QoHXYxcxydSUzoK3YTW5pr,4,1.000000000
Q1_013,1,NK-ZHNLkgvhbx9yyNf2DRQ9Gy,5,1.000000000
Q1_013,1,NK-i7c5jF8J9sv7UeK4pHYFwM,6,1.000000000
Q1_013,1,NK-jRtCRFsNLzHTV8bazVJ2XC,7,1.000000000
Q1_013,1,NK-nCtFNNo82gDgDpNTzbc5RR,8,1.000000000
Q1_013,1,ru-inn-5001119248,9,1.000000000
Q1_013,1,ru-inn-5031075380,10,1.000000000
Q1_013,1,ru-inn-5053000980,11,1.000000000
Q1_013,1,ru-inn-5053005971,12,1.000000000
Q1_013,1,ru-inn-5053006132,13,1.000000000
Q1_013,1,ru-inn-5053007231,14,1.000000000
Q1_013,1,ru-inn-5053013500,15,1.000000000
Q1_013,1,ru-inn-5053013549,16,1.000000000
Q1_013,1,ru-inn-5053013588,17,1.000000000
Q1_013,1,ru-inn-5053021540,18,1.000000000
Q1_013,1,ru-inn-5053022751,19,1.000000000
Q1_013,1,ru-inn-5053026442,20,1.000000000
Q1_013,1,ru-inn-5053027171,21,1.000000000
Q1_013,1,ru-inn-5053033496,22,1.000000000
Q1_013,1,ru-inn-5053035662,23,1.000000000
Q1_013,1,ru-inn-5053045798,24,1.000000000
Q1_013,1,ru-inn-5053046470,25,1.000000000
Q1_013,1,ru-inn-5053046537,26,1.000000000
Q1_013,1,ru-inn-5053046791,27,1.000000000
Q1_013,1,ru-inn-5053048076,28,1.000000000
Q1_013,1,ru-inn-5053055500,29,1.000000000
Q1_013,1,ru-inn-5053058638,30,1.000000000
Q1_013,1,ru-inn-5053058645,31,1.000000000
Q1_013,1,ru-inn-5053059381,32,1.000000000
Q1_013,1,ru-inn-5053060524,33,1.000000000
Q1_013,1,ru-inn-5053061334,34,1.000000000
Q1_013,1,ru-inn-5053061398,35,1.000000000
Q1_013,1,ru-inn-5053062200,36,1.000000000
Q1_013,1,ru-inn-5053066879,37,1.000000000
Q1_013,1,ru-inn-5053067960,38,1.000000000
Q1_013,1,ru-inn-7702609220,39,1.000000000
Q1_013,1,ru-inn-7733519551,40,1.000000000
Q1_014,1,NK-228ZdYZVXaZBSBgVwapnks,1,1.000000000
Q1_015,1,NK-228jBYSTdUSvbZvsKsiHh6,1,1.000000000
Q1_016,1,NK-228jBYSTdUSvbZvsKsiHh6,1,1.000000000
Q1_017,1,NK-228jBYSTdUSvbZvsKsiHh6,1,1.000000000
Q1_018,1,NK-228jBYSTdUSvbZvsKsiHh6,1,1.000000000
Q1_019,1,NK-228jBYSTdUSvbZvsKsiHh6,1,1.000000000
Q1_019,1,NK-34qCVMMuMHriVyxSJpzVKp,2,1.000000000
Q1_019,1,NK-3RzqP8AT6PUWqVt5t379oZ,3,1.000000000
Q1_019,1,NK-5QdVC3AduBSoqjmHxhAgS6,4,1.000000000
Q1_019,1,NK-9onCnUrZy7j2oAcYPUqCCR,5,1.000000000
Q1_019,1,NK-HV3UToskX3fYG3ycsKHzDY,6,1.000000000
Q1_019,1,NK-LHkkfW6UeT5DYb6yFCxr7Z,7,1.000000000
Q1_019,1,NK-Pid3NENUeJd4GMoKomX4jG,8,1.000000000
Q1_019,1,NK-QuDMZL2iTmyugVT4AW62GC,9,1.000000000
Q1_019,1,NK-RDga6gip5sHPUW8mXCLE9i,10,1.000000000
Q1_019,1,NK-SZ8MC929EK4AVWDXvM9Vb4,11,1.000000000
Q1_019,1,NK-TriTuEcbvdWRoTHbC53grf,12,1.000000000
Q1_019,1,NK-UDxrJgP5b2YSfwvgDgrrn5,13,1.000000000
Q1_019,1,NK-UqJZ26ZpPN9x4VLkFmRcng,14,1.000000000
Q1_019,1,NK-WmQoEmzxsbq2JP6fJ4KG9K,15,1.000000000
Q1_019,1,NK-ctTdtSTCyKyFsNQiYaQGhG,16,1.000000000
Q1_019,1,NK-dQS5XJAiRuho976iYrmzgK,17,1.000000000
Q1_019,1,NK-dVYLqKZzfVFFTSh4Nwidst,18,1.000000000
Q1_019,1,NK-eWnAV3MUPobVhSG7gSng7H,19,1.000000000
Q1_019,1,NK-h4DUFXaaqRMZybLGcq3syq,20,1.000000000
Q1_019,1,NK-i6HgYAcfkhqKZjJ6TMXKTz,21,1.000000000
Q1_019,1,NK-ixfiUR7eXNmMenUZUzutcf,22,1.000000000
Q1_019,1,NK-jTkWSApgdCkTewvidh64ez,23,1.000000000
Q1_019,1,NK-k5CYz8xXnpP6PzcTVSLHaJ,24,1.000000000
Q1_019,1,NK-kd8kWVvi6GGYN25RG8uhmz,25,1.000000000
Q1_019,1,ru-inn-3103005239,26,1.000000000
Q1_019,1,ru-inn-4611002658,27,1.000000000
Q1_019,1,ru-inn-4611003362,28,1.000000000
Q1_019,1,ru-inn-4625005659,29,1.000000000
Q1_019,1,ru-inn-4628003995,30,1.000000000
Q1_019,1,ru-inn-4629001408,31,1.000000000
Q1_019,1,ru-inn-4629001831,32,1.000000000
Q1_019,1,ru-inn-4629009527,33,1.000000000
Q1_019,1,ru-inn-4629010723,34,1.000000000
Q1_019,1,ru-inn-4629011325,35,1.000000000
Q1_019,1,ru-inn-4629012216,36,1.000000000
Q1_019,1,ru-inn-4629015471,37,1.000000000
Q1_019,1,ru-inn-4629015760,38,1.000000000
Q1_019,1,ru-inn-4629016683,39,1.000000000
Q1_019,1,ru-inn-4629018095,40,1.000000000
Q1_019,1,ru-inn-4629019211,41,1.000000000
Q1_019,1,ru-inn-4629020591,42,1.000000000
Q1_019,1,ru-inn-4629026603,43,1.000000000
Q1_019,1,ru-inn-4629026787,44,1.000000000
Q1_019,1,ru-inn-4629026804,45,1.000000000
Q1_019,1,ru-inn-4629026949,46,1.000000000
Q1_019,1,ru-inn-4629028400,47,1.000000000
Q1_019,1,ru-inn-4629029058,48,1.000000000
Q1_019,1,ru-inn-4629029121,49,1.000000000
Q1_019,1,ru-inn-4629032075,50,1.000000000
Q1_019,1,ru-inn-4629034587,51,1.000000000
Q1_019,1,ru-inn-4629037370,52,1.000000000
Q1_019,1,ru-inn-4629040125,53,1.000000000
Q1_019,1,ru-inn-4629040439,54,1.000000000
Q1_019,1,ru-inn-4629044761,55,1.000000000
Q1_019,1,ru-inn-4629045081,56,1.000000000
Q1_019,1,ru-inn-4629046705,57,1.000000000
Q1_019,1,ru-inn-4629051286,58,1.000000000
Q1_019,1,ru-inn-4630023396,59,1.000000000
Q1_019,1,ru-inn-4630026005,60,1.000000000
Q1_019,1,ru-inn-4630026189,61,1.000000000
Q1_019,1,ru-inn-4631001050,62,1.000000000
Q1_019,1,ru-inn-4631001797,63,1.000000000
Q1_019,1,ru-inn-4631010209,64,1.000000000
Q1_019,1,ru-inn-4631010294,65,1.000000000
Q1_019,1,ru-inn-4631010640,66,1.000000000
Q1_019,1,ru-inn-4632000404,67,1.000000000
Q1_019,1,ru-inn-4632005642,68,1.000000000
Q1_019,1,ru-inn-4632006117,69,1.000000000
Q1_019,1,ru-inn-4632006205,70,1.000000000
Q1_019,1,ru-inn-4632007223,71,1.000000000
Q1_019,1,ru-inn-4632007576,72,1.000000000
Q1_019,1,ru-inn-4632024035,73,1.000000000
Q1_019,1,ru-inn-4632024638,74,1.000000000
Q1_019,1,ru-inn-4632032678,75,1.000000000
Q1_019,1,ru-inn-4632036383,76,1.000000000
Q1_019,1,ru-inn-4632036898,77,1.000000000
Q1_019,1,ru-inn-4632036986,78,1.000000000
Q1_019,1,ru-inn-4632041295,79,1.000000000
Q1_019,1,ru-inn-4632044095,80,1.000000000
Q1_019,1,ru-inn-4632044426,81,1.000000000
Q1_019,1,ru-inn-4632044497,82,1.000000000
Q1_019,1,ru-inn-4632044970,83,1.000000000
Q1_019,1,ru-inn-4632047480,84,1.000000000
Q1_019,1,ru-inn-4632048452,85,1.000000000
Q1_019,1,ru-inn-4632048460,86,1.000000000
Q1_019,1,ru-inn-4632048540,87,1.000000000
Q1_019,1,ru-inn-4632048580,88,1.000000000
Q1_019,1,ru-inn-4632048967,89,1.000000000
Q1_019,1,ru-inn-4632054488,90,1.000000000
Q1_019,1,ru-inn-4632059849,91,1.000000000
Q1_019,1,ru-inn-4632060636,92,1.000000000
Q1_019,1,ru-inn-4632060812,93,1.000000000
Q1_019,1,ru-inn-4632061492,94,1.000000000
Q1_019,1,ru-inn-4632061943,95,1.000000000
Q1_019,1,ru-inn-4632071035,96,1.000000000
Q1_019,1,ru-inn-4632076668,97,1.000000000
Q1_019,1,ru-inn-4632082171,98,1.000000000
Q1_019,1,ru-inn-4632090870,99,1.000000000
Q1_019,1,ru-inn-4632092532,100,1.000000000
Q1_019,1,ru-inn-4632096760,101,1.000000000
Q1_019,1,ru-inn-4632114578,102,1.000000000
Q1_019,1,ru-inn-4632123237,103,1.000000000
Q1_019,1,ru-inn-4632127270,104,1.000000000
Q1_019,1,ru-inn-4632127721,105,1.000000000
Q1_019,1,ru-inn-4632131005,106,1.000000000
Q1_019,1,ru-inn-4632153834,107,1.000000000
Q1_019,1,ru-inn-4632156539,108,1.000000000
Q1_019,1,ru-inn-4632157109,109,1.000000000
Q1_019,1,ru-inn-4632160493,110,1.000000000
Q1_019,1,ru-inn-4632161306,111,1.000000000
Q1_019,1,ru-inn-4632162701,112,1.000000000
Q1_019,1,ru-inn-4632164240,113,1.000000000
Q1_019,1,ru-inn-4632165357,114,1.000000000
Q1_019,1,ru-inn-4632166706,115,1.000000000
Q1_019,1,ru-inn-4632167467,116,1.000000000
Q1_019,1,ru-inn-4632172900,117,1.000000000
Q1_019,1,ru-inn-4632176486,118,1.000000000
Q1_019,1,ru-inn-4632184945,119,1.000000000
Q1_019,1,ru-inn-4632195425,120,1.000000000
Q1_019,1,ru-inn-4632199596,121,1.000000000
Q1_019,1,ru-inn-4632203002,122,1.000000000
Q1_019,1,ru-inn-4632206275,123,1.000000000
Q1_019,1,ru-inn-4632208723,124,1.000000000
Q1_019,1,ru-inn-4632208748,125,1.000000000
Q1_019,1,ru-inn-4632208755,126,1.000000000
Q1_019,1,ru-inn-4632208762,127,1.000000000
Q1_019,1,ru-inn-4632208770,128,1.000000000
Q1_019,1,ru-inn-4632208787,129,1.000000000
Q1_019,1,ru-inn-4632209117,130,1.000000000
Q1_019,1,ru-inn-4632218746,131,1.000000000
Q1_019,1,ru-inn-4632219475,132,1.000000000
Q1_019,1,ru-inn-4632223591,133,1.000000000
Q1_019,1,ru-inn-4632225126,134,1.000000000
Q1_019,1,ru-inn-4632229498,135,1.000000000
Q1_019,1,ru-inn-4632236368,136,1.000000000
Q1_019,1,ru-inn-4632236671,137,1.000000000
Q1_019,1,ru-inn-4632237604,138,1.000000000
Q1_019,1,ru-inn-4632238340,139,1.000000000
Q1_019,1,ru-inn-4632238372,140,1.000000000
Q1_019,1,ru-inn-4632254590,141,1.000000000
Q1_019,1,ru-inn-4632256011,142,1.000000000
Q1_019,1,ru-inn-4632256526,143,1.000000000
Q1_019,1,ru-inn-4632266299,144,1.000000000
Q1_019,1,ru-inn-4632267214,145,1.000000000
Q1_019,1,ru-inn-4632275335,146,1.000000000
Q1_019,1,ru-inn-4632286792,147,1.000000000
Q1_019,1,ru-inn-4632287524,148,1.000000000
Q1_019,1,ru-inn-4632296960,149,1.000000000
Q1_019,1,ru-inn-4632299061,150,1.000000000
Q1_019,1,ru-inn-4632299079,151,1.000000000
Q1_019,1,ru-inn-4632299086,152,1.000000000
Q1_019,1,ru-inn-4632299985,153,1.000000000
Q1_019,1,ru-inn-4632300006,154,1.000000000
Q1_019,1,ru-inn-4632302187,155,1.000000000
Q1_019,1,ru-inn-4632303656,156,1.000000000
Q1_019,1,ru-inn-4632303776,157,1.000000000
Q1_019,1,ru-inn-4632303840,158,1.000000000
Q1_019,1,ru-inn-4632304106,159,1.000000000
Q1_019,1,ru-inn-4632304191,160,1.000000000
Q1_019,1,ru-inn-4632305830,161,1.000000000
Q1_019,1,ru-inn-4632306583,162,1.000000000
Q1_019,1,ru-inn-4632306738,163,1.000000000
Q1_019,1,ru-inn-6449083638,164,1.000000000
Q1_019,1,ru-inn-7107062813,165,1.000000000
Q1_019,1,ru-inn-7701241688,166,1.000000000
Q1_019,1,ru-inn-9706018694,167,1.000000000
Q1_020,1,NK-228jBYSTdUSvbZvsKsiHh6,1,1.000000000
Q1_020,1,NK-JcehdpbfUwdTpaw52rZJ24,2,1.000000000
Q1_020,1,NK-NQDwPey2UpWmQjNsPeNKur,3,1.000000000
Q1_020,1,NK-UPvW6WSHBi3oKaasgfUzFM,4,1.000000000
Q1_020,1,NK-VCuy57QyCVN3zaYgkQLztS,5,1.000000000
Q1_020,1,NK-Z2QBfdRG9eAzuueoqkomSh,6,1.000000000
Q1_020,1,NK-aURyV6y7juNJtGgi8xZUeB,7,1.000000000
Q1_020,1,NK-b88pw5uW7YQjP6d3vWmQxj,8,1.000000000
Q1_020,1,NK-g2fBoJDVBTKjXsaD3MF4Bv,9,1.000000000
Q1_020,1,NK-gtEyqdJMCGxb5zQze9uYEX,10,1.000000000
Q1_020,1,NK-mkh5vq2coySzA6avfBsAR5,11,1.000000000
Q1_020,1,ru-inn-4209032202,12,1.000000000
Q1_020,1,ru-inn-5401101598,13,1.000000000
Q1_020,1,ru-inn-5401101904,14,1.000000000
Q1_020,1,ru-inn-5401109364,15,1.000000000
Q1_020,1,ru-inn-5401109452,16,1.000000000
Q1_020,1,ru-inn-5401109460,17,1.000000000
Q1_020,1,ru-inn-5401109558,18,1.000000000
Q1_020,1,ru-inn-5401109621,19,1.000000000
Q1_020,1,ru-inn-5401109903,20,1.000000000
Q1_020,1,ru-inn-5401117816,21,1.000000000
Q1_020,1,ru-inn-5401117950,22,1.000000000
Q1_020,1,ru-inn-5401119972,23,1.000000000
Q1_020,1,ru-inn-5401146133,24,1.000000000
Q1_020,1,ru-inn-5401167768,25,1.000000000
Q1_020,1,ru-inn-5401175430,26,1.000000000
Q1_020,1,ru-inn-5401190301,27,1.000000000
Q1_020,1,ru-inn-5401239162,28,1.000000000
Q1_020,1,ru-inn-5401249925,29,1.000000000
Q1_020,1,ru-inn-5401311740,30,1.000000000
Q1_020,1,ru-inn-5401367213,31,1.000000000
Q1_020,1,ru-inn-5401963167,32,1.000000000
Q1_020,1,ru-inn-5401963689,33,1.000000000
Q1_020,1,ru-inn-5405266992,34,1.000000000
Q1_020,1,ru-inn-5405408686,35,1.000000000
Q1_020,1,ru-inn-5406105395,36,1.000000000
Q1_020,1,ru-inn-5406222892,37,1.000000000
Q1_020,1,ru-inn-5406539258,38,1.000000000
Q1_020,1,ru-inn-5406777020,39,1.000000000
Q1_020,1,ru-inn-5406982396,40,1.000000000
Q1_020,1,ru-inn-5407121174,41,1.000000000
Q1_020,1,ru-inn-5433110771,42,1.000000000
Q1_021,1,NK-22BiLDQqi5mhKfDeYuqs23,1,1.000000000
Q1_022,1,NK-22C9zkXEo48ioJPccyPR4c,1,1.000000000
Q1_023,1,NK-22MHXvQQufBgTjUWgUbWb8,1,1.000000000
Q1_024,1,NK-22MHXvQQufBgTjUWgUbWb8,1,1.000000000
Q1_025,1,NK-22MHXvQQufBgTjUWgUbWb8,1,1.000000000
Q1_026,1,NK-22MHXvQQufBgTjUWgUbWb8,1,1.000000000
Q1_027,1,NK-22MHXvQQufBgTjUWgUbWb8,1,1.000000000
Q1_027,1,NK-A47PVeYqPuoEqjuJr7WtmL,2,1.000000000
Q1_027,1,NK-BDNACUmoS9oJmgjX3qwS9H,3,1.000000000
Q1_027,1,NK-GAqJgWFQ68eJFR7ieNKy6f,4,1.000000000
Q1_027,1,NK-Ppmb6TiQFBnq796LQJniwR,5,1.000000000
Q1_027,1,NK-RyRaYjJA5kiJqC9FY7azJT,6,1.000000000
Q1_027,1,NK-VwonxcqhDhAzHKWXCdSdXd,7,1.000000000
Q1_027,1,NK-d3M3dUxhVadAmNptykBWgX,8,1.000000000
Q1_027,1,NK-iM8NNXVzQMthJ6vJWBedAD,9,1.000000000
Q1_027,1,NK-jkYesqzTZPmG9oZ6nbswZ5,10,1.000000000
Q1_027,1,ru-inn-1650163484,11,1.000000000
Q1_027,1,ru-inn-1660176852,12,1.000000000
Q1_027,1,ru-inn-1674001764,13,1.000000000
Q1_027,1,ru-inn-1674004437,14,1.000000000
Q1_027,1,ru-inn-1674004701,15,1.000000000
Q1_027,1,ru-inn-1674004973,16,1.000000000
Q1_027,1,ru-inn-1674005208,17,1.000000000
Q1_027,1,ru-inn-1674005720,18,1.000000000
Q1_027,1,ru-inn-1674006427,19,1.000000000
Q1_027,1,ru-inn-1674009185,20,1.000000000
Q1_027,1,ru-inn-1674010053,21,1.000000000
Q1_027,1,ru-inn-1674010127,22,1.000000000
Q1_027,1,ru-inn-1674010448,23,1.000000000
Q1_027,1,ru-inn-1674010720,24,1.000000000
Q1_027,1,ru-inn-1674010857,25,1.000000000
Q1_027,1,ru-inn-1674011018,26,1.000000000
Q1_027,1,ru-inn-9705150379,27,1.000000000
Q1_028,1,NK-22MHXvQQufBgTjUWgUbWb8,1,1.000000000
Q1_029,1,NK-22MHXvQQufBgTjUWgUbWb8,1,1.000000000
Q1_030,1,NK-22SrWxmRnUfLKXFvtGuJVB,1,1.000000000
Q1_031,1,NK-22T6dTsc6umYgEA33vME3t,1,1.000000000
Q1_032,1,NK-22T6dTsc6umYgEA33vME3t,1,1.000000000
Q1_033,1,NK-22T6dTsc6umYgEA33vME3t,1,1.000000000
Q1_033,1,NK-jADTrXQ4aQN3XgWSCp85hK,2,1.000000000
Q1_034,1,NK-22T6dTsc6umYgEA33vME3t,1,1.000000000
Q1_035,1,NK-22Tion5LJoMAa2P9P7UwDL,1,1.000000000
Q1_036,1,NK-22WmG9GWt6yirMLDHUEXMq,1,1.000000000
Q1_037,1,NK-22WmG9GWt6yirMLDHUEXMq,1,1.000000000
Q1_038,1,NK-22WmG9GWt6yirMLDHUEXMq,1,1.000000000
Q1_038,1,NK-3TjQEHNGXFDvrYHWJmnsd9,2,1.000000000
Q1_038,1,NK-3WaNp6FmHJe4xa52XFUaqn,3,1.000000000
Q1_038,1,NK-4ue7EG6rrBPeKv83KLkMAM,4,1.000000000
Q1_038,1,NK-5TE8cfXbPry8wz42fFBEst,5,1.000000000
Q1_038,1,NK-766TckmDiDD8zKnH7bbDqA,6,1.000000000
Q1_038,1,NK-7joaiubv8qRiNqhzK2RPTy,7,1.000000000
Q1_038,1,NK-9DZSgTnKtmF8xz94PLTwtS,8,1.000000000
Q1_038,1,NK-9kzSksTuVAiQj59kYaBTMq,9,1.000000000
Q1_038,1,NK-AMYqqX2U6VeVUhNWeXeusF,10,1.000000000
Q1_038,1,NK-AWoipMBUyAhZ98Gt7soDyH,11,1.000000000
Q1_038,1,NK-AYcuoTesdug3gYQnSGFYi4,12,1.000000000
Q1_038,1,NK-AnJYbNFqgVCUBqvZyhaVEF,13,1.000000000
Q1_038,1,NK-BMxq3qpbLj4v462LiT2Nmt,14,1.000000000
Q1_038,1,NK-BaGfKDLNnP4BGwg69a6WS6,15,1.000000000
Q1_038,1,NK-BbMSvQuH7zcv6ZLuQwsDci,16,1.000000000
Q1_038,1,NK-BiNKVixTDoc7YWUcKMVMXN,17,1.000000000
Q1_038,1,NK-CA7KMWTTQrWfaAfZqZAGgh,18,1.000000000
Q1_038,1,NK-CT5sZ5ZQ245Z38vQdGkDez,19,1.000000000
Q1_038,1,NK-EVhirRWq3Mb2NBMFgcz6Xb,20,1.000000000
Q1_038,1,NK-FcMBWyXdEeer4W7YAF9fZb,21,1.000000000
Q1_038,1,NK-Fs2URNVSNtDDQBMSbZELmu,22,1.000000000
Q1_038,1,NK-GAc5thRhjy4GFCYx8cBbfX,23,1.000000000
Q1_038,1,NK-GcQkY7FtSLmi2agUnBMzhM,24,1.000000000
Q1_038,1,NK-H9TdtRkwi45HmFjASdggrX,25,1.000000000
Q1_038,1,NK-HWyViAb9nYvLLUwEdtQXwz,26,1.000000000
Q1_038,1,NK-J6RBRdR7vbicWpYj47xRce,27,1.000000000
Q1_038,1,NK-JWyi4bBxAbaZpf5ahF8aHG,28,1.000000000
Q1_038,1,NK-Jk4bscYmMtChcPo6TKUqFe,29,1.000000000
Q1_038,1,NK-JnYjKH8dQPgdAQva5zvKLH,30,1.000000000
Q1_038,1,NK-KYPFgrdddMnNQU6cezYyaB,31,1.000000000
Q1_038,1,NK-Kb2Hv5hsSMJSdxPfTEfUog,32,1.000000000
Q1_038,1,NK-M5RT87vgRs6mbdWE7r3UyU,33,1.000000000
Q1_038,1,NK-MaVCH9pRmNyzMM4XdH8g9C,34,1.000000000
Q1_038,1,NK-N73iufok66q8j2GbVvFrqR,35,1.000000000
Q1_038,1,NK-NB9NvwKSqKuQKqz6uwbyuo,36,1.000000000
Q1_038,1,NK-PNweyZncCc47y8mt9Jk8tv,37,1.000000000
Q1_038,1,NK-Q9TaSaZfQeMFZDiJDboRcc,38,1.000000000
Q1_038,1,NK-RYvNkxskNSrQ36JvDtcaVG,39,1.000000000
Q1_038,1,NK-RaWbmguXYqupUL3wGWXdQ2,40,1.000000000
Q1_038,1,NK-RitmbXzEwYyVbY7daETcZ3,41,1.000000000
Q1_038,1,NK-T4CeNf8Hu6yNXtHtstG89f,42,1.000000000
Q1_038,1,NK-TooLCbvzue28ZeWg23ke4J,43,1.000000000
Q1_038,1,NK-ULXN2E6qPATJX54EeW78xP,44,1.000000000
Q1_038,1,NK-Uf4iAR9rjwMGwabgTgYWJD,45,1.000000000
Q1_038,1,NK-V5QmaNDbeQ7LK6xz9p5V8L,46,1.000000000
Q1_038,1,NK-W8WCnknovAs9U9NPwWntx3,47,1.000000000
Q1_038,1,NK-WAuU9LrN4p3sBwpGf5WXrf,48,1.000000000
Q1_038,1,NK-X6cvuBimUzPLmQKSJa47xt,49,1.000000000
Q1_038,1,NK-XHTfRREoeEmdyzc3XP7dwT,50,1.000000000
Q1_038,1,NK-XShnMVPtVgqvL8r8DXSfbw,51,1.000000000
Q1_038,1,NK-XxSTseayfFgL4gQJvt6q4p,52,1.000000000
Q1_038,1,NK-YFm6KQKarwiBGPCiBoQNrn,53,1.000000000
Q1_038,1,NK-YVUCBfVaCA685hvK8e4Zd9,54,1.000000000
Q1_038,1,NK-YnAp8LqCvbbc2LfT4KjFkU,55,1.000000000
Q1_038,1,NK-Ys8CtQhLv3WdHQ5Tq4HJ6B,56,1.000000000
Q1_038,1,NK-ZuRK7rWpz78ZECccZt7RzE,57,1.000000000
Q1_038,1,NK-aFTHANEtaZXEXXJm2NFpz5,58,1.000000000
Q1_038,1,NK-aNytNXfib8bNTGzjUqLEeV,59,1.000000000
Q1_038,1,NK-bHRDpqBsdbKdwmFigg8E6V,60,1.000000000
Q1_038,1,NK-bp5H4Np37YsBuxJcX4Cjru,61,1.000000000
Q1_038,1,NK-cGz3khdiRwcC5jk9Npfeur,62,1.000000000
Q1_038,1,NK-cgjyqhphXb4k6VWAcaEVdW,63,1.000000000
Q1_038,1,NK-dVYaNCEp42PxpMPU4ydVTw,64,1.000000000
Q1_038,1,NK-dej39i29PuJ6n7NHfjkVn7,65,1.000000000
Q1_038,1,NK-e8ew2wdJ65vgR2KxGA5GAB,66,1.000000000
Q1_038,1,NK-fHFcdcMxdFDC6kAx2BEWm9,67,1.000000000
Q1_038,1,NK-fhr5Nj5vpkprk5uisBnvfu,68,1.000000000
Q1_038,1,NK-fxzGHo3Brtk3cRkE6WFdEL,69,1.000000000
Q1_038,1,NK-hKDEPgvn8stewQXAmhLy2e,70,1.000000000
Q1_038,1,NK-hcwpYHieDSk7yk8Ck73Xdc,71,1.000000000
Q1_038,1,NK-heY8H4tNZ4gLrjbcNknzsG,72,1.000000000
Q1_038,1,NK-hnCGqyxXyuJeAxNzBwhaSk,73,1.000000000
Q1_038,1,NK-iCCE2LCiAB6cGin6uE9VvR,74,1.000000000
Q1_038,1,NK-iSbniFcnFvZRSiExPKFnEy,75,1.000000000
Q1_038,1,NK-jWQFvwvwCVGKm9hgobM4Fz,76,1.000000000
Q1_038,1,NK-k9rwYcvgDEsrjsNDJ9Upkr,77,1.000000000
Q1_038,1,NK-kEC7SuYU6SoZDffjkYiS8r,78,1.000000000
Q1_038,1,NK-kEGxbfMv3LYURSktxeKhwo,79,1.000000000
Q1_038,1,NK-kKpUEL5QDfA8aS2xWC4mKL,80,1.000000000
Q1_038,1,NK-kdZmGJtjBwc86TA4iLGBdy,81,1.000000000
Q1_038,1,NK-kin66JqGPdwJEs7AmUZV53,82,1.000000000
Q1_038,1,NK-mH5WPSyBWvRwJFdNKQX4XF,83,1.000000000
Q1_038,1,NK-mx9mKjnLo7TFEL5exBt3pQ,84,1.000000000
Q1_038,1,NK-nASvExFNWFbhcrBywAqRdZ,85,1.000000000
Q1_038,1,NK-o9yZZ4EMDvHg3emeZw7veR,86,1.000000000
Q1_038,1,ru-inn-2263012345,87,1.000000000
Q1_038,1,ru-inn-2315150557,88,1.000000000
Q1_038,1,ru-inn-2376000703,89,1.000000000
Q1_038,1,ru-inn-5007075438,90,1.000000000
Q1_038,1,ru-inn-5020055286,91,1.000000000
Q1_038,1,ru-inn-5038112390,92,1.000000000
Q1_038,1,ru-inn-5253000280,93,1.000000000
Q1_038,1,ru-inn-5501246928,94,1.000000000
Q1_038,1,ru-inn-5709004822,95,1.000000000
Q1_038,1,ru-inn-6154060113,96,1.000000000
Q1_038,1,ru-inn-7701258843,97,1.000000000
Q1_038,1,ru-inn-7701511630,98,1.000000000
Q1_038,1,ru-inn-7701570234,99,1.000000000
Q1_038,1,ru-inn-7701607660,100,1.000000000
Q1_038,1,ru-inn-7702048493,101,1.000000000
Q1_038,1,ru-inn-7702251390,102,1.000000000
Q1_038,1,ru-inn-7703459471,103,1.000000000
Q1_038,1,ru-inn-7703774970,104,1.000000000
Q1_038,1,ru-inn-7704043123,105,1.000000000
Q1_038,1,ru-inn-7704350798,106,1.000000000
Q1_038,1,ru-inn-7704445376,107,1.000000000
Q1_038,1,ru-inn-7704708071,108,1.000000000
Q1_038,1,ru-inn-7704722781,109,1.000000000
Q1_038,1,ru-inn-7704786030,110,1.000000000
Q1_038,1,ru-inn-7705220311,111,1.000000000
Q1_038,1,ru-inn-7705325755,112,1.000000000
Q1_038,1,ru-inn-7705561907,113,1.000000000
Q1_038,1,ru-inn-7705575829,114,1.000000000
Q1_038,1,ru-inn-7705929309,115,1.000000000
Q1_038,1,ru-inn-7706038200,116,1.000000000
Q1_038,1,ru-inn-7706197320,117,1.000000000
Q1_038,1,ru-inn-7706210757,118,1.000000000
Q1_038,1,ru-inn-7706431570,119,1.000000000
Q1_038,1,ru-inn-7706434450,120,1.000000000
Q1_038,1,ru-inn-7706517481,121,1.000000000
Q1_038,1,ru-inn-7706683030,122,1.000000000
Q1_038,1,ru-inn-7707027218,123,1.000000000
Q1_038,1,ru-inn-7707028780,124,1.000000000
Q1_038,1,ru-inn-7707035201,125,1.000000000
Q1_038,1,ru-inn-7707035829,126,1.000000000
Q1_038,1,ru-inn-7707036526,127,1.000000000
Q1_038,1,ru-inn-7707040498,128,1.000000000
Q1_038,1,ru-inn-7707042791,129,1.000000000
Q1_038,1,ru-inn-7707043428,130,1.000000000
Q1_038,1,ru-inn-7707050810,131,1.000000000
Q1_038,1,ru-inn-7707055141,132,1.000000000
Q1_038,1,ru-inn-7707056890,133,1.000000000
Q1_038,1,ru-inn-7707057090,134,1.000000000
Q1_038,1,ru-inn-7707057205,135,1.000000000
Q1_038,1,ru-inn-7707063713,136,1.000000000
Q1_038,1,ru-inn-7707076511,137,1.000000000
Q1_038,1,ru-inn-7707079304,138,1.000000000
Q1_038,1,ru-inn-7707079537,139,1.000000000
Q1_038,1,ru-inn-7707082145,140,1.000000000
Q1_038,1,ru-inn-7707082160,141,1.000000000
Q1_038,1,ru-inn-7707085611,142,1.000000000
Q1_038,1,ru-inn-7707089101,143,1.000000000
Q1_038,1,ru-inn-7707089782,144,1.000000000
Q1_038,1,ru-inn-7707089990,145,1.000000000
Q1_038,1,ru-inn-7707093669,146,1.000000000
Q1_038,1,ru-inn-7707102024,147,1.000000000
Q1_038,1,ru-inn-7707109559,148,1.000000000
Q1_038,1,ru-inn-7707111090,149,1.000000000
Q1_038,1,ru-inn-7707113594,150,1.000000000
Q1_038,1,ru-inn-7707132460,151,1.000000000
Q1_038,1,ru-inn-7707166518,152,1.000000000
Q1_038,1,ru-inn-7707170641,153,1.000000000
Q1_038,1,ru-inn-7707176724,154,1.000000000
Q1_038,1,ru-inn-7707189642,155,1.000000000
Q1_038,1,ru-inn-7707231510,156,1.000000000
Q1_038,1,ru-inn-7707268453,157,1.000000000
Q1_038,1,ru-inn-7707274249,158,1.000000000
Q1_038,1,ru-inn-7707278317,159,1.000000000
Q1_038,1,ru-inn-7707282507,160,1.000000000
Q1_038,1,ru-inn-7707283268,161,1.000000000
Q1_038,1,ru-inn-7707284367,162,1.000000000
Q1_038,1,ru-inn-7707289870,163,1.000000000
Q1_038,1,ru-inn-7707292449,164,1.000000000
Q1_038,1,ru-inn-7707292590,165,1.000000000
Q1_038,1,ru-inn-7707302030,166,1.000000000
Q1_038,1,ru-inn-7707306652,167,1.000000000
Q1_038,1,ru-inn-7707310810,168,1.000000000
Q1_038,1,ru-inn-7707314734,169,1.000000000
Q1_038,1,ru-inn-7707314910,170,1.000000000
Q1_038,1,ru-inn-7707319108,171,1.000000000
Q1_038,1,ru-inn-7707320456,172,1.000000000
Q1_038,1,ru-inn-7707322125,173,1.000000000
Q1_038,1,ru-inn-7707329152,174,1.000000000
Q1_038,1,ru-inn-7707330013,175,1.000000000
Q1_038,1,ru-inn-7707330609,176,1.000000000
Q1_038,1,ru-inn-7707331754,177,1.000000000
Q1_038,1,ru-inn-7707336135,178,1.000000000
Q1_038,1,ru-inn-7707340808,179,1.000000000
Q1_038,1,ru-inn-7707351221,180,1.000000000
Q1_038,1,ru-inn-7707376836,181,1.000000000
Q1_038,1,ru-inn-7707380222,182,1.000000000
Q1_038,1,ru-inn-7707384379,183,1.000000000
Q1_038,1,ru-inn-7707386055,184,1.000000000
Q1_038,1,ru-inn-7707387700,185,1.000000000
Q1_038,1,ru-inn-7707389970,186,1.000000000
Q1_038,1,ru-inn-7707394426,187,1.000000000
Q1_038,1,ru-inn-7707394909,188,1.000000000
Q1_038,1,ru-inn-7707396455,189,1.000000000
Q1_038,1,ru-inn-7707396624,190,1.000000000
Q1_038,1,ru-inn-7707397258,191,1.000000000
Q1_038,1,ru-inn-7707401169,192,1.000000000
Q1_038,1,ru-inn-7707401200,193,1.000000000
Q1_038,1,ru-inn-7707401761,194,1.000000000
Q1_038,1,ru-inn-7707405011,195,1.000000000
Q1_038,1,ru-inn-7707410540,196,1.000000000
Q1_038,1,ru-inn-7707410942,197,1.000000000
Q1_038,1,ru-inn-7707411150,198,1.000000000
Q1_038,1,ru-inn-7707412280,199,1.000000000
Q1_038,1,ru-inn-7707413460,200,1.000000000
Q1_038,1,ru-inn-7707413622,201,1.000000000
Q1_038,1,ru-inn-7707415041,202,1.000000000
Q1_038,1,ru-inn-7707415098,203,1.000000000
Q1_038,1,ru-inn-7707415531,204,1.000000000
Q1_038,1,ru-inn-7707418067,205,1.000000000
Q1_038,1,ru-inn-7707418814,206,1.000000000
Q1_038,1,ru-inn-7707418878,207,1.000000000
Q1_038,1,ru-inn-7707420309,208,1.000000000
Q1_038,1,ru-inn-7707421694,209,1.000000000
Q1_038,1,ru-inn-7707423684,210,1.000000000
Q1_038,1,ru-inn-7707424705,211,1.000000000
Q1_038,1,ru-inn-7707425160,212,1.000000000
Q1_038,1,ru-inn-7707427551,213,1.000000000
Q1_038,1,ru-inn-7707429693,214,1.000000000
Q1_038,1,ru-inn-7707430353,215,1.000000000
Q1_038,1,ru-inn-7707430829,216,1.000000000
Q1_038,1,ru-inn-7707432801,217,1.000000000
Q1_038,1,ru-inn-7707433298,218,1.000000000
Q1_038,1,ru-inn-7707434100,219,1.000000000
Q1_038,1,ru-inn-7707434421,220,1.000000000
Q1_038,1,ru-inn-7707435369,221,1.000000000
Q1_038,1,ru-inn-7707435376,222,1.000000000
Q1_038,1,ru-inn-7707436919,223,1.000000000
Q1_038,1,ru-inn-7707437038,224,1.000000000
Q1_038,1,ru-inn-7707437366,225,1.000000000
Q1_038,1,ru-inn-7707438955,226,1.000000000
Q1_038,1,ru-inn-7707439645,227,1.000000000
Q1_038,1,ru-inn-7707442285,228,1.000000000
Q1_038,1,ru-inn-7707442430,229,1.000000000
Q1_038,1,ru-inn-7707442542,230,1.000000000
Q1_038,1,ru-inn-7707443088,231,1.000000000
Q1_038,1,ru-inn-7707444772,232,1.000000000
Q1_038,1,ru-inn-7707446890,233,1.000000000
Q1_038,1,ru-inn-7707447572,234,1.000000000
Q1_038,1,ru-inn-7707448174,235,1.000000000
Q1_038,1,ru-inn-7707448230,236,1.000000000
Q1_038,1,ru-inn-7707449410,237,1.000000000
Q1_038,1,ru-inn-7707450575,238,1.000000000
Q1_038,1,ru-inn-7707454570,239,1.000000000
Q1_038,1,ru-inn-7707454587,240,1.000000000
Q1_038,1,ru-inn-7707455252,241,1.000000000
Q1_038,1,ru-inn-7707456930,242,1.000000000
Q1_038,1,ru-inn-7707457813,243,1.000000000
Q1_038,1,ru-inn-7707457997,244,1.000000000
Q1_038,1,ru-inn-7707458302,245,1.000000000
Q1_038,1,ru-inn-7707459754,246,1.000000000
Q1_038,1,ru-inn-7707459899,247,1.000000000
Q1_038,1,ru-inn-7707459923,248,1.000000000
Q1_038,1,ru-inn-7707460703,249,1.000000000
Q1_038,1,ru-inn-7707467025,250,1.000000000
Q1_038,1,ru-inn-7707469287,251,1.000000000
Q1_038,1,ru-inn-7707469470,252,1.000000000
Q1_038,1,ru-inn-7707470116,253,1.000000000
Q1_038,1,ru-inn-7707470187,254,1.000000000
Q1_038,1,ru-inn-7707471222,255,1.000000000
Q1_038,1,ru-inn-7707471374,256,1.000000000
Q1_038,1,ru-inn-7707476615,257,1.000000000
Q1_038,1,ru-inn-7707481358,258,1.000000000
Q1_038,1,ru-inn-7707484454,259,1.000000000
Q1_038,1,ru-inn-7707487261,260,1.000000000
Q1_038,1,ru-inn-7707489131,261,1.000000000
Q1_038,1,ru-inn-7707489170,262,1.000000000
Q1_038,1,ru-inn-7707489565,263,1.000000000
Q1_038,1,ru-inn-7707489653,264,1.000000000
Q1_038,1,ru-inn-7707489830,265,1.000000000
Q1_038,1,ru-inn-7707489942,266,1.000000000
Q1_038,1,ru-inn-7707490112,267,1.000000000
Q1_038,1,ru-inn-7707491229,268,1.000000000
Q1_038,1,ru-inn-7707500730,269,1.000000000
Q1_038,1,ru-inn-7707511193,270,1.000000000
Q1_038,1,ru-inn-7707511796,271,1.000000000
Q1_038,1,ru-inn-7707511901,272,1.000000000
Q1_038,1,ru-inn-7707514772,273,1.000000000
Q1_038,1,ru-inn-7707517124,274,1.000000000
Q1_038,1,ru-inn-7707527669,275,1.000000000
Q1_038,1,ru-inn-7707542561,276,1.000000000
Q1_038,1,ru-inn-7707545467,277,1.000000000
Q1_038,1,ru-inn-7707546044,278,1.000000000
Q1_038,1,ru-inn-7707547633,279,1.000000000
Q1_038,1,ru-inn-7707550555,280,1.000000000
Q1_038,1,ru-inn-7707555803,281,1.000000000
Q1_038,1,ru-inn-7707559861,282,1.000000000
Q1_038,1,ru-inn-7707565512,283,1.000000000
Q1_038,1,ru-inn-7707575567,284,1.000000000
Q1_038,1,ru-inn-7707577250,285,1.000000000
Q1_038,1,ru-inn-7707585364,286,1.000000000
Q1_038,1,ru-inn-7707585734,287,1.000000000
Q1_038,1,ru-inn-7707598998,288,1.000000000
Q1_038,1,ru-inn-7707609777,289,1.000000000
Q1_038,1,ru-inn-7707616510,290,1.000000000
Q1_038,1,ru-inn-7707616686,291,1.000000000
Q1_038,1,ru-inn-7707616710,292,1.000000000
Q1_038,1,ru-inn-7707621171,293,1.000000000
Q1_038,1,ru-inn-7707667458,294,1.000000000
Q1_038,1,ru-inn-7707675402,295,1.000000000
Q1_038,1,ru-inn-7707700105,296,1.000000000
Q1_038,1,ru-inn-7707705368,297,1.000000000
Q1_038,1,ru-inn-7707717363,298,1.000000000
Q1_038,1,ru-inn-7707723913,299,1.000000000
Q1_038,1,ru-inn-7707725653,300,1.000000000
Q1_038,1,ru-inn-7707730036,301,1.000000000
Q1_038,1,ru-inn-7707741704,302,1.000000000
Q1_038,1,ru-inn-7707747872,303,1.000000000
Q1_038,1,ru-inn-7707758786,304,1.000000000
Q1_038,1,ru-inn-7707761588,305,1.000000000
Q1_038,1,ru-inn-7707762180,306,1.000000000
Q1_038,1,ru-inn-7707768142,307,1.000000000
Q1_038,1,ru-inn-7707772766,308,1.000000000
Q1_038,1,ru-inn-7707780830,309,1.000000000
Q1_038,1,ru-inn-7707781464,310,1.000000000
Q1_038,1,ru-inn-7707781880,311,1.000000000
Q1_038,1,ru-inn-7707783302,312,1.000000000
Q1_038,1,ru-inn-7707783341,313,1.000000000
Q1_038,1,ru-inn-7707788766,314,1.000000000
Q1_038,1,ru-inn-7707794230,315,1.000000000
Q1_038,1,ru-inn-7707795160,316,1.000000000
Q1_038,1,ru-inn-7707809039,317,1.000000000
Q1_038,1,ru-inn-7707815635,318,1.000000000
Q1_038,1,ru-inn-7707821043,319,1.000000000
Q1_038,1,ru-inn-7707828634,320,1.000000000
Q1_038,1,ru-inn-7707829010,321,1.000000000
Q1_038,1,ru-inn-7707831796,322,1.000000000
Q1_038,1,ru-inn-7707831806,323,1.000000000
Q1_038,1,ru-inn-7707833754,324,1.000000000
Q1_038,1,ru-inn-7707839805,325,1.000000000
Q1_038,1,ru-inn-7707840631,326,1.000000000
Q1_038,1,ru-inn-7707841674,327,1.000000000
Q1_038,1,ru-inn-7707843047,328,1.000000000
Q1_038,1,ru-inn-7707846672,329,1.000000000
Q1_038,1,ru-inn-7707852041,330,1.000000000
Q1_038,1,ru-inn-7708131540,331,1.000000000
Q1_038,1,ru-inn-7708137213,332,1.000000000
Q1_038,1,ru-inn-7708198230,333,1.000000000
Q1_038,1,ru-inn-7708262180,334,1.000000000
Q1_038,1,ru-inn-7708316149,335,1.000000000
Q1_038,1,ru-inn-7708390174,336,1.000000000
Q1_038,1,ru-inn-7708392950,337,1.000000000
Q1_038,1,ru-inn-7708402239,338,1.000000000
Q1_038,1,ru-inn-7708414756,339,1.000000000
Q1_038,1,ru-inn-7708422122,340,1.000000000
Q1_038,1,ru-inn-7708430395,341,1.000000000
Q1_038,1,ru-inn-7708436090,342,1.000000000
Q1_038,1,ru-inn-7708437009,343,1.000000000
Q1_038,1,ru-inn-7708750902,344,1.000000000
Q1_038,1,ru-inn-7709195112,345,1.000000000
Q1_038,1,ru-inn-7709484636,346,1.000000000
Q1_038,1,ru-inn-7709524864,347,1.000000000
Q1_038,1,ru-inn-7709740287,348,1.000000000
Q1_038,1,ru-inn-7709751465,349,1.000000000
Q1_038,1,ru-inn-7709752518,350,1.000000000
Q1_038,1,ru-inn-7709874971,351,1.000000000
Q1_038,1,ru-inn-7709899503,352,1.000000000
Q1_038,1,ru-inn-7709938054,353,1.000000000
Q1_038,1,ru-inn-7709948052,354,1.000000000
Q1_038,1,ru-inn-7709951915,355,1.000000000
Q1_038,1,ru-inn-7709987245,356,1.000000000
Q1_038,1,ru-inn-7710028250,357,1.000000000
Q1_038,1,ru-inn-7710236010,358,1.000000000
Q1_038,1,ru-inn-7710430219,359,1.000000000
Q1_038,1,ru-inn-7710643591,360,1.000000000
Q1_038,1,ru-inn-7710874863,361,1.000000000
Q1_038,1,ru-inn-7710912220,362,1.000000000
Q1_038,1,ru-inn-7710938933,363,1.000000000
Q1_038,1,ru-inn-7710938940,364,1.000000000
Q1_038,1,ru-inn-7710944380,365,1.000000000
Q1_038,1,ru-inn-7710946388,366,1.000000000
Q1_038,1,ru-inn-7710965662,367,1.000000000
Q1_038,1,ru-inn-7713267433,368,1.000000000
Q1_038,1,ru-inn-7713484734,369,1.000000000
Q1_038,1,ru-inn-7713556058,370,1.000000000
Q1_038,1,ru-inn-7714331201,371,1.000000000
Q1_038,1,ru-inn-7714364630,372,1.000000000
Q1_038,1,ru-inn-7714443160,373,1.000000000
Q1_038,1,ru-inn-7714475436,374,1.000000000
Q1_038,1,ru-inn-7714745266,375,1.000000000
Q1_038,1,ru-inn-7714754422,376,1.000000000
Q1_038,1,ru-inn-7716908540,377,1.000000000
Q1_038,1,ru-inn-7717506026,378,1.000000000
Q1_038,1,ru-inn-7717695180,379,1.000000000
Q1_038,1,ru-inn-7718502458,380,1.000000000
Q1_038,1,ru-inn-7718676285,381,1.000000000
Q1_038,1,ru-inn-7719272800,382,1.000000000
Q1_038,1,ru-inn-7720795963,383,1.000000000
Q1_038,1,ru-inn-7721141900,384,1.000000000
Q1_038,1,ru-inn-7721479424,385,1.000000000
Q1_038,1,ru-inn-7721504310,386,1.000000000
Q1_038,1,ru-inn-7722257336,387,1.000000000
Q1_038,1,ru-inn-7723565630,388,1.000000000
Q1_038,1,ru-inn-7724671905,389,1.000000000
Q1_038,1,ru-inn-7725271586,390,1.000000000
Q1_038,1,ru-inn-7725395084,391,1.000000000
Q1_038,1,ru-inn-7725681416,392,1.000000000
Q1_038,1,ru-inn-7727448045,393,1.000000000
Q1_038,1,ru-inn-7727780275,394,1.000000000
Q1_038,1,ru-inn-7728305770,395,1.000000000
Q1_038,1,ru-inn-7729384580,396,1.000000000
Q1_038,1,ru-inn-7729391965,397,1.000000000
Q1_038,1,ru-inn-7730185780,398,1.000000000
Q1_038,1,ru-inn-7730280681,399,1.000000000
Q1_038,1,ru-inn-7730587722,400,1.000000000
Q1_038,1,ru-inn-7731390743,401,1.000000000
Q1_038,1,ru-inn-7731516756,402,1.000000000
Q1_038,1,ru-inn-7731655492,403,1.000000000
Q1_038,1,ru-inn-7733338724,404,1.000000000
Q1_038,1,ru-inn-7733362124,405,1.000000000
Q1_038,1,ru-inn-7733746297,406,1.000000000
Q1_038,1,ru-inn-7734382719,407,1.000000000
Q1_038,1,ru-inn-7734421816,408,1.000000000
Q1_038,1,ru-inn-7734428949,409,1.000000000
Q1_038,1,ru-inn-7734491570,410,1.000000000
Q1_038,1,ru-inn-7734554213,411,1.000000000
Q1_038,1,ru-inn-7736332054,412,1.000000000
Q1_038,1,ru-inn-7743373904,413,1.000000000
Q1_038,1,ru-inn-7743400192,414,1.000000000
Q1_038,1,ru-inn-7743402256,415,1.000000000
Q1_038,1,ru-inn-7743525508,416,1.000000000
Q1_038,1,ru-inn-7743790351,417,1.000000000
Q1_038,1,ru-inn-7751517589,418,1.000000000
Q1_038,1,ru-inn-7813612725,419,1.000000000
Q1_038,1,ru-inn-7825500977,420,1.000000000
Q1_038,1,ru-inn-7825695758,421,1.000000000
Q1_038,1,ru-inn-9701048695,422,1.000000000
Q1_038,1,ru-inn-9701052162,423,1.000000000
Q1_038,1,ru-inn-9702008455,424,1.000000000
Q1_038,1,ru-inn-9702010905,425,1.000000000
Q1_038,1,ru-inn-9702026581,426,1.000000000
Q1_038,1,ru-inn-9702034494,427,1.000000000
Q1_038,1,ru-inn-9703014525,428,1.000000000
Q1_038,1,ru-inn-9703019139,429,1.000000000
Q1_038,1,ru-inn-9703135456,430,1.000000000
Q1_038,1,ru-inn-9703172440,431,1.000000000
Q1_038,1,ru-inn-9704004706,432,1.000000000
Q1_038,1,ru-inn-9704059913,433,1.000000000
Q1_038,1,ru-inn-9704258517,434,1.000000000
Q1_038,1,ru-inn-9705000870,435,1.000000000
Q1_038,1,ru-inn-9705151319,436,1.000000000
Q1_038,1,ru-inn-9705154711,437,1.000000000
Q1_038,1,ru-inn-9706006579,438,1.000000000
Q1_038,1,ru-inn-9706016908,439,1.000000000
Q1_038,1,ru-inn-9707000146,440,1.000000000
Q1_038,1,ru-inn-9707001012,441,1.000000000
Q1_038,1,ru-inn-9707002351,442,1.000000000
Q1_038,1,ru-inn-9707002792,443,1.000000000
Q1_038,1,ru-inn-9707004743,444,1.000000000
Q1_038,1,ru-inn-9707005384,445,1.000000000
Q1_038,1,ru-inn-9707005440,446,1.000000000
Q1_038,1,ru-inn-9707008850,447,1.000000000
Q1_038,1,ru-inn-9707012247,448,1.000000000
Q1_038,1,ru-inn-9707012494,449,1.000000000
Q1_038,1,ru-inn-9707016058,450,1.000000000
Q1_038,1,ru-inn-9707018979,451,1.000000000
Q1_038,1,ru-inn-9707020086,452,1.000000000
Q1_038,1,ru-inn-9707020368,453,1.000000000
Q1_038,1,ru-inn-9707020400,454,1.000000000
Q1_038,1,ru-inn-9707021097,455,1.000000000
Q1_038,1,ru-inn-9707022735,456,1.000000000
Q1_038,1,ru-inn-9707022742,457,1.000000000
Q1_038,1,ru-inn-9707024926,458,1.000000000
Q1_038,1,ru-inn-9707026391,459,1.000000000
Q1_038,1,ru-inn-9707026680,460,1.000000000
Q1_038,1,ru-inn-9707028230,461,1.000000000
Q1_038,1,ru-inn-9707028568,462,1.000000000
Q1_038,1,ru-inn-9707029410,463,1.000000000
Q1_038,1,ru-inn-9707030221,464,1.000000000
Q1_038,1,ru-inn-9707031401,465,1.000000000
Q1_038,1,ru-inn-9707031708,466,1.000000000
Q1_038,1,ru-inn-9707031948,467,1.000000000
Q1_038,1,ru-inn-9707032035,468,1.000000000
Q1_038,1,ru-inn-9707033575,469,1.000000000
Q1_038,1,ru-inn-9707035861,470,1.000000000
Q1_038,1,ru-inn-9707036752,471,1.000000000
Q1_038,1,ru-inn-9707039721,472,1.000000000
Q1_038,1,ru-inn-9707041400,473,1.000000000
Q1_038,1,ru-inn-9707041583,474,1.000000000
Q1_038,1,ru-inn-9707042234,475,1.000000000
Q1_038,1,ru-inn-9707042354,476,1.000000000
Q1_038,1,ru-inn-9707043252,477,1.000000000
Q1_038,1,ru-inn-9707043541,478,1.000000000
Q1_038,1,ru-inn-9707043862,479,1.000000000
Q1_038,1,ru-inn-9707045147,480,1.000000000
Q1_038,1,ru-inn-9707045186,481,1.000000000
Q1_038,1,ru-inn-9707045482,482,1.000000000
Q1_038,1,ru-inn-9707045972,483,1.000000000
Q1_038,1,ru-inn-9707046616,484,1.000000000
Q1_038,1,ru-inn-9707046775,485,1.000000000
Q1_038,1,ru-inn-9707049222,486,1.000000000
Q1_038,1,ru-inn-9709013327,487,1.000000000
Q1_038,1,ru-inn-9709038730,488,1.000000000
Q1_038,1,ru-inn-9709073693,489,1.000000000
Q1_038,1,ru-inn-9710015368,490,1.000000000
Q1_038,1,ru-inn-9710080977,491,1.000000000
Q1_038,1,ru-inn-9715330839,492,1.000000000
Q1_038,1,ru-inn-9715383870,493,1.000000000
Q1_038,1,ru-inn-9715394416,494,1.000000000
Q1_038,1,ru-inn-9715404600,495,1.000000000
Q1_038,1,ru-inn-9717001847,496,1.000000000
Q1_038,1,ru-inn-9717030157,497,1.000000000
Q1_038,1,ru-inn-9718083137,498,1.000000000
Q1_038,1,ru-inn-9718083320,499,1.000000000
Q1_038,1,ru-inn-9718221490,500,1.000000000
Q1_038,1,ru-inn-9721086297,501,1.000000000
Q1_038,1,ru-inn-9725014007,502,1.000000000
Q1_038,1,ru-inn-9729333621,503,1.000000000
Q1_038,1,ru-inn-9731073392,504,1.000000000
Q1_039,1,NK-22YnEcmYTBXeCBBeZU5wCN,1,1.000000000
Q1_040,1,NK-22YnEcmYTBXeCBBeZU5wCN,1,1.000000000
Q1_041,1,NK-22YnEcmYTBXeCBBeZU5wCN,1,1.000000000
Q1_041,1,NK-YX4oKogVdpJB5UC3nRjwtX,2,1.000000000
Q1_041,1,ru-inn-5004000748,3,1.000000000
Q1_041,1,ru-inn-5004002632,4,1.000000000
Q1_041,1,ru-inn-5004002713,5,1.000000000
Q1_041,1,ru-inn-5004003393,6,1.000000000
Q1_041,1,ru-inn-5004003555,7,1.000000000
Q1_041,1,ru-inn-5004016441,8,1.000000000
Q1_041,1,ru-inn-7714007163,9,1.000000000
Q1_041,1,ru-inn-7735545525,10,1.000000000
Q1_042,1,NK-22c6upVtxbVMhbZb3Z6dn6,1,1.000000000
Q1_043,1,NK-22cQD3a8GDRSuoW5mus3F3,1,1.000000000
Q1_044,1,NK-22cQD3a8GDRSuoW5mus3F3,1,1.000000000
Q1_045,1,NK-22cQD3a8GDRSuoW5mus3F3,1,1.000000000
Q1_046,1,NK-22cQD3a8GDRSuoW5mus3F3,1,1.000000000
Q1_046,1,NK-26Pa7cjkCUudCi7EQPrc4g,2,1.000000000
Q1_046,1,NK-2RFBvtcD2KhpuCWJsTrntG,3,1.000000000
Q1_046,1,NK-3FrCv6LXaXf2ZQwvxV6bbb,4,1.000000000
Q1_046,1,NK-3cPk6RemwcUyDWYZ8a39EP,5,1.000000000
Q1_046,1,NK-3h3xxbKE67mundytg8fHfH,6,1.000000000
Q1_046,1,NK-4MPXYztJtwhQFGBQriRaq4,7,1.000000000
Q1_046,1,NK-4PUarCE5mdnmq2TxvkvCYA,8,1.000000000
Q1_046,1,NK-4jrrXGyRPWuDWRuzQHBCXU,9,1.000000000
Q1_046,1,NK-5FEZAYSXadCMMoAEqg8EMG,10,1.000000000
Q1_046,1,NK-5QEoPDzZs9Xpmacgt94PJ2,11,1.000000000
Q1_046,1,NK-7BnkN8sxm7YmYAM4jhFe2m,12,1.000000000
Q1_046,1,NK-7H9sjqWihqbkHarPmuMvBR,13,1.000000000
Q1_046,1,NK-7oYPUueC5ntUj8EJbSVT4w,14,1.000000000
Q1_046,1,NK-97HJhF7gpY267cbMD4mvwc,15,1.000000000
Q1_046,1,NK-9WhdurH9WnuiY4giGK7jcV,16,1.000000000
Q1_046,1,NK-9XNXTps7sdD39oBWkBKCoX,17,1.000000000
Q1_046,1,NK-BPpfCVK8hwuVJFV2ZELC5T,18,1.000000000
Q1_046,1,NK-BUWoxiJj3jPHCxZ9F8pKu5,19,1.000000000
Q1_046,1,NK-CCBrkHqUwNqfV4529vkPXM,20,1.000000000
Q1_046,1,NK-CPHD86zSXXcYGan893G5Hf,21,1.000000000
Q1_046,1,NK-D5WxRJQkWRM2M7FEFa7BUD,22,1.000000000
Q1_046,1,NK-DWhrHLEwtTzjDbPkjd8QaZ,23,1.000000000
Q1_046,1,NK-DizitkGQkH6x9z3e6HBwQT,24,1.000000000
Q1_046,1,NK-EJQsLuuiud8i83iqaLHBeT,25,1.000000000
Q1_046,1,NK-F24apjFcB8VN6tuGp5TLyo,26,1.000000000
Q1_046,1,NK-F5orFs9skB3VAjmMgBWA2U,27,1.000000000
Q1_046,1,NK-FQkA3TUjrukLTxqrKKqWNL,28,1.000000000
Q1_046,1,NK-Fj8SxnmCwip8dNJbVZdDaL,29,1.000000000
Q1_046,1,NK-FkFU64nmooGGUh9F8HAZ2j,30,1.000000000
Q1_046,1,NK-FkVJbkwQkrNkobnUsjE32x,31,1.000000000
Q1_046,1,NK-FzASoh7U5kn6ovMKbtjJSE,32,1.000000000
Q1_046,1,NK-HDXMsZas7XAm8KJvS2sR6g,33,1.000000000
Q1_046,1,NK-HfE3vmS4m43ZSbDgj8DLNM,34,1.000000000
Q1_046,1,NK-Hi7kshxqmV9bN3uspPm6NC,35,1.000000000
Q1_046,1,NK-JATq3DyzaQGPr8nT7fEGLU,36,1.000000000
Q1_046,1,NK-JGQtSZgB9eao6Zia8Fsp7C,37,1.000000000
Q1_046,1,NK-JmSouxgzJpQShjzmy74mmU,38,1.000000000
Q1_046,1,NK-JpjemuGmRVojhQH9rmJ5jV,39,1.000000000
Q1_046,1,NK-KMkkBe6TRiZfUducSqA9cL,40,1.000000000
Q1_046,1,NK-KNgqHdujyNak6WMGEUtwGg,41,1.000000000
Q1_046,1,NK-KQg93YxkJkZLt6UegPK4qB,42,1.000000000
Q1_046,1,NK-KYpdM42aKXx4R5LosBNRKy,43,1.000000000
Q1_046,1,NK-KuqXES3do6YrSzbNKFXhbn,44,1.000000000
Q1_046,1,NK-LDLGAhAFYvFvZyUThUnkU7,45,1.000000000
Q1_046,1,NK-NS3e56Z2EBW8q8NXWJCgGy,46,1.000000000
Q1_046,1,NK-NrgY66FQ9w3pHFgboauCg7,47,1.000000000
Q1_046,1,NK-P87cn8uaAGAyyd7u8iekLJ,48,1.000000000
Q1_046,1,NK-P9fAz5UzMuDA8tbjwkJrGt,49,1.000000000
Q1_046,1,NK-PLQTq8StXDmirBZhM2yUPU,50,1.000000000
Q1_046,1,NK-QKr9AGEWnYj6P3eJRAaU9E,51,1.000000000
Q1_046,1,NK-QMKwd3NsmLeri79RFfXwQ4,52,1.000000000
Q1_046,1,NK-RCWq2HyBPwze4W5maYG333,53,1.000000000
Q1_046,1,NK-RM4F5e83RXkZbGfTSMemMZ,54,1.000000000
Q1_046,1,NK-RoGhqemE4WJrw5qgGQeLW8,55,1.000000000
Q1_046,1,NK-SDGZqypgUFX3LeouTHUwpZ,56,1.000000000
Q1_046,1,NK-ScAfuvXaHBXV4HYg59CwAc,57,1.000000000
Q1_046,1,NK-ThNn5n5dwfVx2CFWNXrFZC,58,1.000000000
Q1_046,1,NK-TsgFahc4uQrekGcNdjiFn3,59,1.000000000
Q1_046,1,NK-TxKSu9DEeeuLbkMm7Zqjiq,60,1.000000000
Q1_046,1,NK-UHom9ZJUa2xeX5Se8QygSE,61,1.000000000
Q1_046,1,NK-UpECSvcWLZB6jXFX3ubpom,62,1.000000000
Q1_046,1,NK-UxYfAySS8LTNaDUusBRwKp,63,1.000000000
Q1_046,1,NK-VCWdwNu3XCN9LN9Gh5SJh9,64,1.000000000
Q1_046,1,NK-W5mzvNJ4vUJL8qYa9GdZL3,65,1.000000000
Q1_046,1,NK-WA9xjdu9rTF9zyQpmGJC8n,66,1.000000000
Q1_046,1,NK-WBNZ7HyAE3RiUY8ZuMrReD,67,1.000000000
Q1_046,1,NK-Wzv4JF2ssbrmuLvfhQQVL8,68,1.000000000
Q1_046,1,NK-X7cjdJmrP8Qi4pG2BH7hEb,69,1.000000000
Q1_046,1,NK-XLbRkkxdpHU2WFFY7pBeqT,70,1.000000000
Q1_046,1,NK-XLmzQyUtyF7u2RDr2kEgve,71,1.000000000
Q1_046,1,NK-YZkKoSva7ufaPZfrPnCerM,72,1.000000000
Q1_046,1,NK-YobWVkogbLBnx36pn2TrTR,73,1.000000000
Q1_046,1,NK-Z9ZR3mGx27TxS9Ve8zuhwR,74,1.000000000
Q1_046,1,NK-abdzbEBkqyT29GyREbiURZ,75,1.000000000
Q1_046,1,NK-amMTy3YfaNmJ682qfwqD4b,76,1.000000000
Q1_046,1,NK-aynZifsWEXHyD5EpsVbQ2A,77,1.000000000
Q1_046,1,NK-bTFe8bwtjaysPgiGPQfL3q,78,1.000000000
Q1_046,1,NK-bUQRy87UdnnchmRgLrgm3k,79,1.000000000
Q1_046,1,NK-bZosf3UW2mLGLfEh9sBsEj,80,1.000000000
Q1_046,1,NK-boYpVxfbVSsUG2kRupCVBz,81,1.000000000
Q1_046,1,NK-cPks3aTbes8k4aCerfBAzN,82,1.000000000
Q1_046,1,NK-cUCLVMdwbCqyV2a33ZmLUV,83,1.000000000
Q1_046,1,NK-crernsfEB7zVgM8CfjZmFA,84,1.000000000
Q1_046,1,NK-d6GLBgPR9kyAdfGhvxZfJm,85,1.000000000
Q1_046,1,NK-dEtecegJGdRZvfJKZfCzzs,86,1.000000000
Q1_046,1,NK-dbEaYjudcdRn4FhoWeGhkA,87,1.000000000
Q1_046,1,NK-eC6iDpfoBwubRiEkUnXsix,88,1.000000000
Q1_046,1,NK-eEktx8ddXePd93jbfyqtrZ,89,1.000000000
Q1_046,1,NK-egyPcKhJofhf4GLj2SqrfY,90,1.000000000
Q1_046,1,NK-eppM5smZ5CtWojUZ9esdZg,91,1.000000000
Q1_046,1,NK-evXxqR3r3HGDAamPzoHsdV,92,1.000000000
Q1_046,1,NK-ezmmxxuCy43fsEcYK3XCGq,93,1.000000000
Q1_046,1,NK-f2ZnmdPc8ZQzjFy3j3AQg6,94,1.000000000
Q1_046,1,NK-fBuLVBL9RaecknJdH5cyXT,95,1.000000000
Q1_046,1,NK-fF5ai3AFEPUXB5WxVqbZc7,96,1.000000000
Q1_046,1,NK-ftC4gJXfSDX83YVHtagJSv,97,1.000000000
Q1_046,1,NK-g26VRm8NPoLw6CwrgKeyj7,98,1.000000000
Q1_046,1,NK-gdqvKr22t3jtaERrJCKhf7,99,1.000000000
Q1_046,1,NK-giBTAnatqeMfLJSvbeHuY6,100,1.000000000
Q1_046,1,NK-h2JuRU5ngSn8j2oeVgHDEK,101,1.000000000
Q1_046,1,NK-hXdrvs5oW4V7qS3figTTcK,102,1.000000000
Q1_046,1,NK-hide5hfu6T2owSXVhpDdxE,103,1.000000000
Q1_046,1,NK-iE6m5ryPeTAMZozfECVSL7,104,1.000000000
Q1_046,1,NK-iZCmjjFrE6jXasXsLygkWs,105,1.000000000
Q1_046,1,NK-jeoCiBCXse7mLVu8v6eyWS,106,1.000000000
Q1_046,1,NK-kMZWAEbdacJ2RC6kBhH4bu,107,1.000000000
Q1_046,1,NK-kTnaZ2enYsCibkXr5i7Ggg,108,1.000000000
Q1_046,1,NK-m3xUVUHnbFfymkMa9RfM9A,109,1.000000000
Q1_046,1,NK-mVXDtRx2KWX9Cy5GtXw3tm,110,1.000000000
Q1_046,1,NK-nBN2VeHtuzGYVZpkRB8y5Y,111,1.000000000
Q1_046,1,NK-oDipGpRWdY7iA3pdhUMhAV,112,1.000000000
Q1_046,1,NK-oMuzqyupRvWyM7WAJG9CPQ,113,1.000000000
Q1_046,1,NK-oP5kwSaCYwN3BSohKvjs2t,114,1.000000000
Q1_046,1,ru-inn-0214007892,115,1.000000000
Q1_046,1,ru-inn-0814110108,116,1.000000000
Q1_046,1,ru-inn-1650274321,117,1.000000000
Q1_046,1,ru-inn-4501226750,118,1.000000000
Q1_046,1,ru-inn-4823036698,119,1.000000000
Q1_046,1,ru-inn-5001088470,120,1.000000000
Q1_046,1,ru-inn-5013050880,121,1.000000000
Q1_046,1,ru-inn-5017096726,122,1.000000000
Q1_046,1,ru-inn-5032164410,123,1.000000000
Q1_046,1,ru-inn-5260148248,124,1.000000000
Q1_046,1,ru-inn-5403011237,125,1.000000000
Q1_046,1,ru-inn-6155041233,126,1.000000000
Q1_046,1,ru-inn-6168116983,127,1.000000000
Q1_046,1,ru-inn-6231041862,128,1.000000000
Q1_046,1,ru-inn-6663025890,129,1.000000000
Q1_046,1,ru-inn-6672258403,130,1.000000000
Q1_046,1,ru-inn-6916000521,131,1.000000000
Q1_046,1,ru-inn-7604327072,132,1.000000000
Q1_046,1,ru-inn-7701005793,133,1.000000000
Q1_046,1,ru-inn-7701336202,134,1.000000000
Q1_046,1,ru-inn-7701687176,135,1.000000000
Q1_046,1,ru-inn-7702469879,136,1.000000000
Q1_046,1,ru-inn-7702544156,137,1.000000000
Q1_046,1,ru-inn-7702750864,138,1.000000000
Q1_046,1,ru-inn-7703418877,139,1.000000000
Q1_046,1,ru-inn-7703590155,140,1.000000000
Q1_046,1,ru-inn-7703768350,141,1.000000000
Q1_046,1,ru-inn-7703787320,142,1.000000000
Q1_046,1,ru-inn-7704442953,143,1.000000000
Q1_046,1,ru-inn-7705468513,144,1.000000000
Q1_046,1,ru-inn-7705654164,145,1.000000000
Q1_046,1,ru-inn-7705863707,146,1.000000000
Q1_046,1,ru-inn-7706042397,147,1.000000000
Q1_046,1,ru-inn-7706662320,148,1.000000000
Q1_046,1,ru-inn-7706808089,149,1.000000000
Q1_046,1,ru-inn-7707399304,150,1.000000000
Q1_046,1,ru-inn-7707427456,151,1.000000000
Q1_046,1,ru-inn-7707454837,152,1.000000000
Q1_046,1,ru-inn-7707743476,153,1.000000000
Q1_046,1,ru-inn-7708019971,154,1.000000000
Q1_046,1,ru-inn-7708274185,155,1.000000000
Q1_046,1,ru-inn-7708325464,156,1.000000000
Q1_046,1,ru-inn-7708330979,157,1.000000000
Q1_046,1,ru-inn-7708336748,158,1.000000000
Q1_046,1,ru-inn-7708359431,159,1.000000000
Q1_046,1,ru-inn-7709303128,160,1.000000000
Q1_046,1,ru-inn-7709466764,161,1.000000000
Q1_046,1,ru-inn-7709866353,162,1.000000000
Q1_046,1,ru-inn-7710940812,163,1.000000000
Q1_046,1,ru-inn-7713424703,164,1.000000000
Q1_046,1,ru-inn-7713430351,165,1.000000000
Q1_046,1,ru-inn-7713718291,166,1.000000000
Q1_046,1,ru-inn-7714232320,167,1.000000000
Q1_046,1,ru-inn-7714426083,168,1.000000000
Q1_046,1,ru-inn-7714437014,169,1.000000000
Q1_046,1,ru-inn-7714437021,170,1.000000000
Q1_046,1,ru-inn-7714441959,171,1.000000000
Q1_046,1,ru-inn-7714484938,172,1.000000000
Q1_046,1,ru-inn-7714633241,173,1.000000000
Q1_046,1,ru-inn-7714660252,174,1.000000000
Q1_046,1,ru-inn-7714928855,175,1.000000000
Q1_046,1,ru-inn-7714948756,176,1.000000000
Q1_046,1,ru-inn-7714955993,177,1.000000000
Q1_046,1,ru-inn-7714978623,178,1.000000000
Q1_046,1,ru-inn-7714988759,179,1.000000000
Q1_046,1,ru-inn-7715005835,180,1.000000000
Q1_046,1,ru-inn-7715027275,181,1.000000000
Q1_046,1,ru-inn-7715031627,182,1.000000000
Q1_046,1,ru-inn-7715038478,183,1.000000000
Q1_046,1,ru-inn-7715038848,184,1.000000000
Q1_046,1,ru-inn-7715045002,185,1.000000000
Q1_046,1,ru-inn-7715056325,186,1.000000000
Q1_046,1,ru-inn-7715070961,187,1.000000000
Q1_046,1,ru-inn-7715080783,188,1.000000000
Q1_046,1,ru-inn-7715085076,189,1.000000000
Q1_046,1,ru-inn-7715107121,190,1.000000000
Q1_046,1,ru-inn-7715107139,191,1.000000000
Q1_046,1,ru-inn-7715113291,192,1.000000000
Q1_046,1,ru-inn-7715135778,193,1.000000000
Q1_046,1,ru-inn-7715135979,194,1.000000000
Q1_046,1,ru-inn-7715136524,195,1.000000000
Q1_046,1,ru-inn-7715151875,196,1.000000000
Q1_046,1,ru-inn-7715156785,197,1.000000000
Q1_046,1,ru-inn-7715156866,198,1.000000000
Q1_046,1,ru-inn-7715196837,199,1.000000000
Q1_046,1,ru-inn-7715263667,200,1.000000000
Q1_046,1,ru-inn-7715270745,201,1.000000000
Q1_046,1,ru-inn-7715271322,202,1.000000000
Q1_046,1,ru-inn-7715271611,203,1.000000000
Q1_046,1,ru-inn-7715271629,204,1.000000000
Q1_046,1,ru-inn-7715272245,205,1.000000000
Q1_046,1,ru-inn-7715277839,206,1.000000000
Q1_046,1,ru-inn-7715316326,207,1.000000000
Q1_046,1,ru-inn-7715345849,208,1.000000000
Q1_046,1,ru-inn-7715348511,209,1.000000000
Q1_046,1,ru-inn-7715356463,210,1.000000000
Q1_046,1,ru-inn-7715363823,211,1.000000000
Q1_046,1,ru-inn-7715399330,212,1.000000000
Q1_046,1,ru-inn-7715400426,213,1.000000000
Q1_046,1,ru-inn-7715400440,214,1.000000000
Q1_046,1,ru-inn-7715400458,215,1.000000000
Q1_046,1,ru-inn-7715400472,216,1.000000000
Q1_046,1,ru-inn-7715400480,217,1.000000000
Q1_046,1,ru-inn-7715400497,218,1.000000000
Q1_046,1,ru-inn-7715436158,219,1.000000000
Q1_046,1,ru-inn-7715465261,220,1.000000000
Q1_046,1,ru-inn-7715485902,221,1.000000000
Q1_046,1,ru-inn-7715491938,222,1.000000000
Q1_046,1,ru-inn-7715492459,223,1.000000000
Q1_046,1,ru-inn-7715505179,224,1.000000000
Q1_046,1,ru-inn-7715505193,225,1.000000000
Q1_046,1,ru-inn-7715515096,226,1.000000000
Q1_046,1,ru-inn-7715516854,227,1.000000000
Q1_046,1,ru-inn-7715529860,228,1.000000000
Q1_046,1,ru-inn-7715540423,229,1.000000000
Q1_046,1,ru-inn-7715572376,230,1.000000000
Q1_046,1,ru-inn-7715577399,231,1.000000000
Q1_046,1,ru-inn-7715583554,232,1.000000000
Q1_046,1,ru-inn-7715586080,233,1.000000000
Q1_046,1,ru-inn-7715587943,234,1.000000000
Q1_046,1,ru-inn-7715596514,235,1.000000000
Q1_046,1,ru-inn-7715603088,236,1.000000000
Q1_046,1,ru-inn-7715617958,237,1.000000000
Q1_046,1,ru-inn-7715622740,238,1.000000000
Q1_046,1,ru-inn-7715651758,239,1.000000000
Q1_046,1,ru-inn-7715666948,240,1.000000000
Q1_046,1,ru-inn-7715671715,241,1.000000000
Q1_046,1,ru-inn-7715683189,242,1.000000000
Q1_046,1,ru-inn-7715687218,243,1.000000000
Q1_046,1,ru-inn-7715694286,244,1.000000000
Q1_046,1,ru-inn-7715709648,245,1.000000000
Q1_046,1,ru-inn-7715725738,246,1.000000000
Q1_046,1,ru-inn-7715729186,247,1.000000000
Q1_046,1,ru-inn-7715730128,248,1.000000000
Q1_046,1,ru-inn-7715733344,249,1.000000000
Q1_046,1,ru-inn-7715768072,250,1.000000000
Q1_046,1,ru-inn-7715815491,251,1.000000000
Q1_046,1,ru-inn-7715825027,252,1.000000000
Q1_046,1,ru-inn-7715828726,253,1.000000000
Q1_046,1,ru-inn-7715834960,254,1.000000000
Q1_046,1,ru-inn-7715865527,255,1.000000000
Q1_046,1,ru-inn-7715875268,256,1.000000000
Q1_046,1,ru-inn-7715891076,257,1.000000000
Q1_046,1,ru-inn-7715895715,258,1.000000000
Q1_046,1,ru-inn-7715896250,259,1.000000000
Q1_046,1,ru-inn-7715901359,260,1.000000000
Q1_046,1,ru-inn-7715906406,261,1.000000000
Q1_046,1,ru-inn-7715910402,262,1.000000000
Q1_046,1,ru-inn-7715927212,263,1.000000000
Q1_046,1,ru-inn-7715962104,264,1.000000000
Q1_046,1,ru-inn-7715992300,265,1.000000000
Q1_046,1,ru-inn-7715996424,266,1.000000000
Q1_046,1,ru-inn-7715997805,267,1.000000000
Q1_046,1,ru-inn-7715999714,268,1.000000000
Q1_046,1,ru-inn-7716170888,269,1.000000000
Q1_046,1,ru-inn-7716176470,270,1.000000000
Q1_046,1,ru-inn-7716212390,271,1.000000000
Q1_046,1,ru-inn-7716964785,272,1.000000000
Q1_046,1,ru-inn-7717131810,273,1.000000000
Q1_046,1,ru-inn-7717760738,274,1.000000000
Q1_046,1,ru-inn-7717763496,275,1.000000000
Q1_046,1,ru-inn-7718972904,276,1.000000000
Q1_046,1,ru-inn-7718991128,277,1.000000000
Q1_046,1,ru-inn-7719256607,278,1.000000000
Q1_046,1,ru-inn-7719588017,279,1.000000000
Q1_046,1,ru-inn-7719768429,280,1.000000000
Q1_046,1,ru-inn-7720861920,281,1.000000000
Q1_046,1,ru-inn-7720865794,282,1.000000000
Q1_046,1,ru-inn-7724478838,283,1.000000000
Q1_046,1,ru-inn-7725306045,284,1.000000000
Q1_046,1,ru-inn-7725783263,285,1.000000000
Q1_046,1,ru-inn-7726478135,286,1.000000000
Q1_046,1,ru-inn-7727509869,287,1.000000000
Q1_046,1,ru-inn-7728395477,288,1.000000000
Q1_046,1,ru-inn-7729072510,289,1.000000000
Q1_046,1,ru-inn-7729753372,290,1.000000000
Q1_046,1,ru-inn-7730046191,291,1.000000000
Q1_046,1,ru-inn-7730191329,292,1.000000000
Q1_046,1,ru-inn-7730234445,293,1.000000000
Q1_046,1,ru-inn-7730263781,294,1.000000000
Q1_046,1,ru-inn-7730580325,295,1.000000000
Q1_046,1,ru-inn-7733057297,296,1.000000000
Q1_046,1,ru-inn-7734531449,297,1.000000000
Q1_046,1,ru-inn-7734630922,298,1.000000000
Q1_046,1,ru-inn-7734690343,299,1.000000000
Q1_046,1,ru-inn-7734715534,300,1.000000000
Q1_046,1,ru-inn-7736042394,301,1.000000000
Q1_046,1,ru-inn-7736234191,302,1.000000000
Q1_046,1,ru-inn-7736357620,303,1.000000000
Q1_046,1,ru-inn-7743279980,304,1.000000000
Q1_046,1,ru-inn-7743350880,305,1.000000000
Q1_046,1,ru-inn-7743377698,306,1.000000000
Q1_046,1,ru-inn-7743528474,307,1.000000000
Q1_046,1,ru-inn-7743847022,308,1.000000000
Q1_046,1,ru-inn-8905039143,309,1.000000000
Q1_046,1,ru-inn-9403024515,310,1.000000000
Q1_046,1,ru-inn-9701028530,311,1.000000000
Q1_046,1,ru-inn-9701074198,312,1.000000000
Q1_046,1,ru-inn-9701172967,313,1.000000000
Q1_046,1,ru-inn-9703006683,314,1.000000000
Q1_046,1,ru-inn-9704037532,315,1.000000000
Q1_046,1,ru-inn-9704099480,316,1.000000000
Q1_046,1,ru-inn-9705008679,317,1.000000000
Q1_046,1,ru-inn-9705034478,318,1.000000000
Q1_046,1,ru-inn-9705093145,319,1.000000000
Q1_046,1,ru-inn-9705156518,320,1.000000000
Q1_046,1,ru-inn-9705166570,321,1.000000000
Q1_046,1,ru-inn-9709094439,322,1.000000000
Q1_046,1,ru-inn-9710061734,323,1.000000000
Q1_046,1,ru-inn-9714014693,324,1.000000000
Q1_046,1,ru-inn-9715203478,325,1.000000000
Q1_046,1,ru-inn-9715213966,326,1.000000000
Q1_046,1,ru-inn-9715221170,327,1.000000000
Q1_046,1,ru-inn-9715262240,328,1.000000000
Q1_046,1,ru-inn-9715265280,329,1.000000000
Q1_046,1,ru-inn-9715265756,330,1.000000000
Q1_046,1,ru-inn-9715269616,331,1.000000000
Q1_046,1,ru-inn-9715273884,332,1.000000000
Q1_046,1,ru-inn-9715291065,333,1.000000000
Q1_046,1,ru-inn-9715294250,334,1.000000000
Q1_046,1,ru-inn-9715294394,335,1.000000000
Q1_046,1,ru-inn-9715299723,336,1.000000000
Q1_046,1,ru-inn-9715306522,337,1.000000000
Q1_046,1,ru-inn-9715307942,338,1.000000000
Q1_046,1,ru-inn-9715308030,339,1.000000000
Q1_046,1,ru-inn-9715308142,340,1.000000000
Q1_046,1,ru-inn-9715308826,341,1.000000000
Q1_046,1,ru-inn-9715310014,342,1.000000000
Q1_046,1,ru-inn-9715311201,343,1.000000000
Q1_046,1,ru-inn-9715312477,344,1.000000000
Q1_046,1,ru-inn-9715317764,345,1.000000000
Q1_046,1,ru-inn-9715321513,346,1.000000000
Q1_046,1,ru-inn-9715326279,347,1.000000000
Q1_046,1,ru-inn-9715332843,348,1.000000000
Q1_046,1,ru-inn-9715335851,349,1.000000000
Q1_046,1,ru-inn-9715337922,350,1.000000000
Q1_046,1,ru-inn-9715347416,351,1.000000000
Q1_046,1,ru-inn-9715348628,352,1.000000000
Q1_046,1,ru-inn-9715357615,353,1.000000000
Q1_046,1,ru-inn-9715363827,354,1.000000000
Q1_046,1,ru-inn-9715374191,355,1.000000000
Q1_046,1,ru-inn-9715383326,356,1.000000000
Q1_046,1,ru-inn-9715383559,357,1.000000000
Q1_046,1,ru-inn-9715384175,358,1.000000000
Q1_046,1,ru-inn-9715384217,359,1.000000000
Q1_046,1,ru-inn-9715384866,360,1.000000000
Q1_046,1,ru-inn-9715385027,361,1.000000000
Q1_046,1,ru-inn-9715391140,362,1.000000000
Q1_046,1,ru-inn-9715398474,363,1.000000000
Q1_046,1,ru-inn-9715400317,364,1.000000000
Q1_046,1,ru-inn-9715401663,365,1.000000000
Q1_046,1,ru-inn-9715403607,366,1.000000000
Q1_046,1,ru-inn-9715404745,367,1.000000000
Q1_046,1,ru-inn-9715405192,368,1.000000000
Q1_046,1,ru-inn-9715405308,369,1.000000000
Q1_046,1,ru-inn-9715406975,370,1.000000000
Q1_046,1,ru-inn-9715409091,371,1.000000000
Q1_046,1,ru-inn-9715410562,372,1.000000000
Q1_046,1,ru-inn-9715411608,373,1.000000000
Q1_046,1,ru-inn-9715411654,374,1.000000000
Q1_046,1,ru-inn-9715412270,375,1.000000000
Q1_046,1,ru-inn-9715412337,376,1.000000000
Q1_046,1,ru-inn-9715412369,377,1.000000000
Q1_046,1,ru-inn-9715413073,378,1.000000000
Q1_046,1,ru-inn-9715413570,379,1.000000000
Q1_046,1,ru-inn-9715413683,380,1.000000000
Q1_046,1,ru-inn-9715413919,381,1.000000000
Q1_046,1,ru-inn-9715414912,382,1.000000000
Q1_046,1,ru-inn-9715415480,383,1.000000000
Q1_046,1,ru-inn-9715416814,384,1.000000000
Q1_046,1,ru-inn-9715418226,385,1.000000000
Q1_046,1,ru-inn-9715419484,386,1.000000000
Q1_046,1,ru-inn-9715419565,387,1.000000000
Q1_046,1,ru-inn-9715419935,388,1.000000000
Q1_046,1,ru-inn-9715420338,389,1.000000000
Q1_046,1,ru-inn-9715420754,390,1.000000000
Q1_046,1,ru-inn-9715421187,391,1.000000000
Q1_046,1,ru-inn-9715422085,392,1.000000000
Q1_046,1,ru-inn-9715422960,393,1.000000000
Q1_046,1,ru-inn-9715425625,394,1.000000000
Q1_046,1,ru-inn-9715426731,395,1.000000000
Q1_046,1,ru-inn-9715427414,396,1.000000000
Q1_046,1,ru-inn-9715429500,397,1.000000000
Q1_046,1,ru-inn-9715433866,398,1.000000000
Q1_046,1,ru-inn-9715435824,399,1.000000000
Q1_046,1,ru-inn-9715436602,400,1.000000000
Q1_046,1,ru-inn-9715438046,401,1.000000000
Q1_046,1,ru-inn-9715439064,402,1.000000000
Q1_046,1,ru-inn-9715447107,403,1.000000000
Q1_046,1,ru-inn-9715447724,404,1.000000000
Q1_046,1,ru-inn-9715448358,405,1.000000000
Q1_046,1,ru-inn-9715448767,406,1.000000000
Q1_046,1,ru-inn-9715449506,407,1.000000000
Q1_046,1,ru-inn-9715450340,408,1.000000000
Q1_046,1,ru-inn-9715450967,409,1.000000000
Q1_046,1,ru-inn-9715453189,410,1.000000000
Q1_046,1,ru-inn-9715453196,411,1.000000000
Q1_046,1,ru-inn-9715453245,412,1.000000000
Q1_046,1,ru-inn-9715453693,413,1.000000000
Q1_046,1,ru-inn-9715453911,414,1.000000000
Q1_046,1,ru-inn-9715457850,415,1.000000000
Q1_046,1,ru-inn-9715459046,416,1.000000000
Q1_046,1,ru-inn-9715460450,417,1.000000000
Q1_046,1,ru-inn-9715460877,418,1.000000000
Q1_046,1,ru-inn-9715461165,419,1.000000000
Q1_046,1,ru-inn-9715464367,420,1.000000000
Q1_046,1,ru-inn-9715464455,421,1.000000000
Q1_046,1,ru-inn-9715471580,422,1.000000000
Q1_046,1,ru-inn-9715472833,423,1.000000000
Q1_046,1,ru-inn-9715472907,424,1.000000000
Q1_046,1,ru-inn-9715475739,425,1.000000000
Q1_046,1,ru-inn-9715479363,426,1.000000000
Q1_046,1,ru-inn-9715481394,427,1.000000000
Q1_046,1,ru-inn-9715482133,428,1.000000000
Q1_046,1,ru-inn-9715483585,429,1.000000000
Q1_046,1,ru-inn-9715487621,430,1.000000000
Q1_046,1,ru-inn-9715487646,431,1.000000000
Q1_046,1,ru-inn-9715488463,432,1.000000000
Q1_046,1,ru-inn-9715488960,433,1.000000000
Q1_046,1,ru-inn-9715489650,434,1.000000000
Q1_046,1,ru-inn-9715494555,435,1.000000000
Q1_046,1,ru-inn-9715501178,436,1.000000000
Q1_046,1,ru-inn-9715506465,437,1.000000000
Q1_046,1,ru-inn-9715506472,438,1.000000000
Q1_046,1,ru-inn-9715507074,439,1.000000000
Q1_046,1,ru-inn-9715508046,440,1.000000000
Q1_046,1,ru-inn-9715510630,441,1.000000000
Q1_046,1,ru-inn-9715511144,442,1.000000000
Q1_046,1,ru-inn-9715511218,443,1.000000000
Q1_046,1,ru-inn-9715511306,444,1.000000000
Q1_046,1,ru-inn-9715511419,445,1.000000000
Q1_046,1,ru-inn-9715514040,446,1.000000000
Q1_046,1,ru-inn-9717085533,447,1.000000000
Q1_046,1,ru-inn-9717088894,448,1.000000000
Q1_046,1,ru-inn-9717090300,449,1.000000000
Q1_046,1,ru-inn-9718060034,450,1.000000000
Q1_046,1,ru-inn-9719007379,451,1.000000000
Q1_046,1,ru-inn-9719026607,452,1.000000000
Q1_046,1,ru-inn-9723183521,453,1.000000000
Q1_046,1,ru-inn-9725106836,454,1.000000000
Q1_046,1,ru-inn-9726019544,455,1.000000000
Q1_046,1,ru-inn-9729261705,456,1.000000000
Q1_046,1,ru-inn-9731017006,457,1.000000000
Q1_046,1,ru-inn-9731042193,458,1.000000000
Q1_046,1,ru-inn-9731056414,459,1.000000000
Q1_046,1,ru-inn-9731091225,460,1.000000000
Q1_046,1,ru-inn-9731091240,461,1.000000000
Q1_047,1,NK-22cQD3a8GDRSuoW5mus3F3,1,1.000000000
Q1_048,1,NK-22cgEnSYbXQSyfkYnm7Hug,1,1.000000000
Q1_049,1,NK-22j9bR6whUf6FPp6KcwzcW,1,1.000000000
Q1_049,1,NK-oWs4xC43K8YjGJmEiJvviD,2,1.000000000
Q1_050,1,NK-22j9bR6whUf6FPp6KcwzcW,1,1.000000000
Q1_050,1,NK-MmR4FBFnerDwEoYfDDvnTS,2,1.000000000
